date,plan,channel,mrr
2024-01-01,Enterprise,Organic,2942.66
2024-01-01,Enterprise,Paid,1977.52
2024-01-01,Enterprise,Referral,894.49
2024-01-01,SMB,Organic,2332.00
2024-01-01,SMB,Paid,1494.68
2024-01-01,SMB,Referral,653.82
2024-01-01,Self-serve,Organic,1300.97
2024-01-01,Self-serve,Paid,898.59
2024-01-01,Self-serve,Referral,388.60
2024-01-02,Enterprise,Organic,2846.57
2024-01-02,Enterprise,Paid,2098.88
2024-01-02,Enterprise,Referral,896.85
2024-01-02,SMB,Organic,2276.64
2024-01-02,SMB,Paid,1644.29
2024-01-02,SMB,Referral,691.20
2024-01-02,Self-serve,Organic,1264.90
2024-01-02,Self-serve,Paid,918.91
2024-01-02,Self-serve,Referral,378.31
2024-01-03,Enterprise,Organic,2948.15
2024-01-03,Enterprise,Paid,2007.71
2024-01-03,Enterprise,Referral,856.96
2024-01-03,SMB,Organic,2188.49
2024-01-03,SMB,Paid,1621.25
2024-01-03,SMB,Referral,667.13
2024-01-03,Self-serve,Organic,1260.24
2024-01-03,Self-serve,Paid,884.21
2024-01-03,Self-serve,Referral,389.11
2024-01-04,Enterprise,Organic,2909.23
2024-01-04,Enterprise,Paid,2039.32
2024-01-04,Enterprise,Referral,874.46
2024-01-04,SMB,Organic,2382.00
2024-01-04,SMB,Paid,1547.64
2024-01-04,SMB,Referral,661.14
2024-01-04,Self-serve,Organic,1247.75
2024-01-04,Self-serve,Paid,911.82
2024-01-04,Self-serve,Referral,396.69
2024-01-05,Enterprise,Organic,2818.85
2024-01-05,Enterprise,Paid,1930.06
2024-01-05,Enterprise,Referral,827.57
2024-01-05,SMB,Organic,2242.89
2024-01-05,SMB,Paid,1574.31
2024-01-05,SMB,Referral,670.74
2024-01-05,Self-serve,Organic,1232.02
2024-01-05,Self-serve,Paid,886.11
2024-01-05,Self-serve,Referral,378.46
2024-01-06,Enterprise,Organic,2303.73
2024-01-06,Enterprise,Paid,1643.98
2024-01-06,Enterprise,Referral,691.22
2024-01-06,SMB,Organic,1816.37
2024-01-06,SMB,Paid,1248.60
2024-01-06,SMB,Referral,538.66
2024-01-06,Self-serve,Organic,1036.47
2024-01-06,Self-serve,Paid,680.92
2024-01-06,Self-serve,Referral,302.24
2024-01-07,Enterprise,Organic,2260.50
2024-01-07,Enterprise,Paid,1574.24
2024-01-07,Enterprise,Referral,682.18
2024-01-07,SMB,Organic,1863.31
2024-01-07,SMB,Paid,1215.91
2024-01-07,SMB,Referral,550.54
2024-01-07,Self-serve,Organic,967.60
2024-01-07,Self-serve,Paid,706.17
2024-01-07,Self-serve,Referral,307.21
2024-01-08,Enterprise,Organic,3005.22
2024-01-08,Enterprise,Paid,2111.41
2024-01-08,Enterprise,Referral,907.07
2024-01-08,SMB,Organic,2272.97
2024-01-08,SMB,Paid,1585.60
2024-01-08,SMB,Referral,706.84
2024-01-08,Self-serve,Organic,1305.04
2024-01-08,Self-serve,Paid,883.64
2024-01-08,Self-serve,Referral,380.38
2024-01-09,Enterprise,Organic,2877.00
2024-01-09,Enterprise,Paid,2101.91
2024-01-09,Enterprise,Referral,891.37
2024-01-09,SMB,Organic,2348.81
2024-01-09,SMB,Paid,1590.15
2024-01-09,SMB,Referral,693.63
2024-01-09,Self-serve,Organic,1339.62
2024-01-09,Self-serve,Paid,911.91
2024-01-09,Self-serve,Referral,399.89
2024-01-10,Enterprise,Organic,2851.28
2024-01-10,Enterprise,Paid,2014.15
2024-01-10,Enterprise,Referral,862.72
2024-01-10,SMB,Organic,2181.42
2024-01-10,SMB,Paid,1606.95
2024-01-10,SMB,Referral,669.22
2024-01-10,Self-serve,Organic,1293.39
2024-01-10,Self-serve,Paid,918.09
2024-01-10,Self-serve,Referral,393.07
2024-01-11,Enterprise,Organic,2972.45
2024-01-11,Enterprise,Paid,2033.96
2024-01-11,Enterprise,Referral,863.18
2024-01-11,SMB,Organic,2261.24
2024-01-11,SMB,Paid,1506.34
2024-01-11,SMB,Referral,650.48
2024-01-11,Self-serve,Organic,1243.84
2024-01-11,Self-serve,Paid,879.54
2024-01-11,Self-serve,Referral,393.23
2024-01-12,Enterprise,Organic,2786.61
2024-01-12,Enterprise,Paid,1982.34
2024-01-12,Enterprise,Referral,892.82
2024-01-12,SMB,Organic,2204.07
2024-01-12,SMB,Paid,1594.02
2024-01-12,SMB,Referral,649.64
2024-01-12,Self-serve,Organic,1265.23
2024-01-12,Self-serve,Paid,865.75
2024-01-12,Self-serve,Referral,378.04
2024-01-13,Enterprise,Organic,2376.14
2024-01-13,Enterprise,Paid,1538.32
2024-01-13,Enterprise,Referral,704.37
2024-01-13,SMB,Organic,1815.52
2024-01-13,SMB,Paid,1239.37
2024-01-13,SMB,Referral,517.34
2024-01-13,Self-serve,Organic,1032.32
2024-01-13,Self-serve,Paid,709.61
2024-01-13,Self-serve,Referral,311.19
2024-01-14,Enterprise,Organic,2323.37
2024-01-14,Enterprise,Paid,1703.40
2024-01-14,Enterprise,Referral,691.55
2024-01-14,SMB,Organic,1750.44
2024-01-14,SMB,Paid,1270.92
2024-01-14,SMB,Referral,545.34
2024-01-14,Self-serve,Organic,1074.01
2024-01-14,Self-serve,Paid,740.45
2024-01-14,Self-serve,Referral,312.89
2024-01-15,Enterprise,Organic,3121.85
2024-01-15,Enterprise,Paid,2018.74
2024-01-15,Enterprise,Referral,879.95
2024-01-15,SMB,Organic,2261.34
2024-01-15,SMB,Paid,1609.16
2024-01-15,SMB,Referral,668.98
2024-01-15,Self-serve,Organic,1354.47
2024-01-15,Self-serve,Paid,924.20
2024-01-15,Self-serve,Referral,381.15
2024-01-16,Enterprise,Organic,2904.61
2024-01-16,Enterprise,Paid,2116.85
2024-01-16,Enterprise,Referral,921.37
2024-01-16,SMB,Organic,2469.72
2024-01-16,SMB,Paid,1773.68
2024-01-16,SMB,Referral,707.73
2024-01-16,Self-serve,Organic,1291.98
2024-01-16,Self-serve,Paid,872.44
2024-01-16,Self-serve,Referral,402.66
2024-01-17,Enterprise,Organic,2873.80
2024-01-17,Enterprise,Paid,2036.25
2024-01-17,Enterprise,Referral,867.46
2024-01-17,SMB,Organic,2281.38
2024-01-17,SMB,Paid,1655.02
2024-01-17,SMB,Referral,690.55
2024-01-17,Self-serve,Organic,1302.94
2024-01-17,Self-serve,Paid,887.95
2024-01-17,Self-serve,Referral,373.02
2024-01-18,Enterprise,Organic,2907.81
2024-01-18,Enterprise,Paid,2062.27
2024-01-18,Enterprise,Referral,932.21
2024-01-18,SMB,Organic,2304.09
2024-01-18,SMB,Paid,1653.95
2024-01-18,SMB,Referral,678.22
2024-01-18,Self-serve,Organic,1264.87
2024-01-18,Self-serve,Paid,891.47
2024-01-18,Self-serve,Referral,384.89
2024-01-19,Enterprise,Organic,3085.51
2024-01-19,Enterprise,Paid,1980.19
2024-01-19,Enterprise,Referral,891.98
2024-01-19,SMB,Organic,2194.70
2024-01-19,SMB,Paid,1623.19
2024-01-19,SMB,Referral,684.56
2024-01-19,Self-serve,Organic,1282.97
2024-01-19,Self-serve,Paid,901.22
2024-01-19,Self-serve,Referral,379.11
2024-01-20,Enterprise,Organic,2378.11
2024-01-20,Enterprise,Paid,1620.27
2024-01-20,Enterprise,Referral,678.13
2024-01-20,SMB,Organic,1755.24
2024-01-20,SMB,Paid,1284.27
2024-01-20,SMB,Referral,573.50
2024-01-20,Self-serve,Organic,1047.99
2024-01-20,Self-serve,Paid,727.49
2024-01-20,Self-serve,Referral,315.58
2024-01-21,Enterprise,Organic,2442.96
2024-01-21,Enterprise,Paid,1656.42
2024-01-21,Enterprise,Referral,696.56
2024-01-21,SMB,Organic,1889.12
2024-01-21,SMB,Paid,1296.37
2024-01-21,SMB,Referral,573.80
2024-01-21,Self-serve,Organic,1050.57
2024-01-21,Self-serve,Paid,704.51
2024-01-21,Self-serve,Referral,300.58
2024-01-22,Enterprise,Organic,3177.81
2024-01-22,Enterprise,Paid,2229.09
2024-01-22,Enterprise,Referral,903.46
2024-01-22,SMB,Organic,2327.92
2024-01-22,SMB,Paid,1720.77
2024-01-22,SMB,Referral,683.03
2024-01-22,Self-serve,Organic,1309.59
2024-01-22,Self-serve,Paid,960.18
2024-01-22,Self-serve,Referral,398.93
2024-01-23,Enterprise,Organic,3032.71
2024-01-23,Enterprise,Paid,2112.81
2024-01-23,Enterprise,Referral,919.17
2024-01-23,SMB,Organic,2458.75
2024-01-23,SMB,Paid,1655.88
2024-01-23,SMB,Referral,721.41
2024-01-23,Self-serve,Organic,1265.16
2024-01-23,Self-serve,Paid,942.27
2024-01-23,Self-serve,Referral,394.19
2024-01-24,Enterprise,Organic,2873.19
2024-01-24,Enterprise,Paid,2032.57
2024-01-24,Enterprise,Referral,885.70
2024-01-24,SMB,Organic,2383.25
2024-01-24,SMB,Paid,1559.05
2024-01-24,SMB,Referral,696.49
2024-01-24,Self-serve,Organic,1306.18
2024-01-24,Self-serve,Paid,918.68
2024-01-24,Self-serve,Referral,409.59
2024-01-25,Enterprise,Organic,3035.69
2024-01-25,Enterprise,Paid,2175.12
2024-01-25,Enterprise,Referral,892.08
2024-01-25,SMB,Organic,2275.07
2024-01-25,SMB,Paid,1615.58
2024-01-25,SMB,Referral,702.14
2024-01-25,Self-serve,Organic,1334.79
2024-01-25,Self-serve,Paid,899.20
2024-01-25,Self-serve,Referral,399.41
2024-01-26,Enterprise,Organic,2956.32
2024-01-26,Enterprise,Paid,2210.58
2024-01-26,Enterprise,Referral,930.46
2024-01-26,SMB,Organic,2225.27
2024-01-26,SMB,Paid,1584.83
2024-01-26,SMB,Referral,655.04
2024-01-26,Self-serve,Organic,1281.86
2024-01-26,Self-serve,Paid,922.14
2024-01-26,Self-serve,Referral,405.66
2024-01-27,Enterprise,Organic,2323.74
2024-01-27,Enterprise,Paid,1630.36
2024-01-27,Enterprise,Referral,666.80
2024-01-27,SMB,Organic,1838.75
2024-01-27,SMB,Paid,1252.21
2024-01-27,SMB,Referral,545.53
2024-01-27,Self-serve,Organic,1028.09
2024-01-27,Self-serve,Paid,737.02
2024-01-27,Self-serve,Referral,300.06
2024-01-28,Enterprise,Organic,2275.11
2024-01-28,Enterprise,Paid,1772.31
2024-01-28,Enterprise,Referral,686.38
2024-01-28,SMB,Organic,1790.09
2024-01-28,SMB,Paid,1367.10
2024-01-28,SMB,Referral,603.69
2024-01-28,Self-serve,Organic,1020.53
2024-01-28,Self-serve,Paid,732.22
2024-01-28,Self-serve,Referral,320.56
2024-01-29,Enterprise,Organic,3224.09
2024-01-29,Enterprise,Paid,2082.07
2024-01-29,Enterprise,Referral,912.77
2024-01-29,SMB,Organic,2439.58
2024-01-29,SMB,Paid,1690.56
2024-01-29,SMB,Referral,707.13
2024-01-29,Self-serve,Organic,1356.81
2024-01-29,Self-serve,Paid,914.26
2024-01-29,Self-serve,Referral,405.76
2024-01-30,Enterprise,Organic,3045.92
2024-01-30,Enterprise,Paid,2164.29
2024-01-30,Enterprise,Referral,905.79
2024-01-30,SMB,Organic,2421.91
2024-01-30,SMB,Paid,1722.48
2024-01-30,SMB,Referral,719.78
2024-01-30,Self-serve,Organic,1379.05
2024-01-30,Self-serve,Paid,956.78
2024-01-30,Self-serve,Referral,409.40
2024-01-31,Enterprise,Organic,2953.47
2024-01-31,Enterprise,Paid,2133.24
2024-01-31,Enterprise,Referral,903.00
2024-01-31,SMB,Organic,2495.41
2024-01-31,SMB,Paid,1721.16
2024-01-31,SMB,Referral,712.55
2024-01-31,Self-serve,Organic,1310.98
2024-01-31,Self-serve,Paid,907.85
2024-01-31,Self-serve,Referral,416.89
2024-02-01,Enterprise,Organic,3047.89
2024-02-01,Enterprise,Paid,2147.33
2024-02-01,Enterprise,Referral,859.73
2024-02-01,SMB,Organic,2417.48
2024-02-01,SMB,Paid,1668.87
2024-02-01,SMB,Referral,682.11
2024-02-01,Self-serve,Organic,1325.01
2024-02-01,Self-serve,Paid,948.26
2024-02-01,Self-serve,Referral,403.84
2024-02-02,Enterprise,Organic,2946.07
2024-02-02,Enterprise,Paid,2074.03
2024-02-02,Enterprise,Referral,884.90
2024-02-02,SMB,Organic,2322.23
2024-02-02,SMB,Paid,1689.59
2024-02-02,SMB,Referral,640.10
2024-02-02,Self-serve,Organic,1311.56
2024-02-02,Self-serve,Paid,929.56
2024-02-02,Self-serve,Referral,399.80
2024-02-03,Enterprise,Organic,2377.87
2024-02-03,Enterprise,Paid,1594.58
2024-02-03,Enterprise,Referral,728.51
2024-02-03,SMB,Organic,1967.24
2024-02-03,SMB,Paid,1248.98
2024-02-03,SMB,Referral,575.64
2024-02-03,Self-serve,Organic,1058.22
2024-02-03,Self-serve,Paid,746.75
2024-02-03,Self-serve,Referral,310.50
2024-02-04,Enterprise,Organic,2384.67
2024-02-04,Enterprise,Paid,1751.95
2024-02-04,Enterprise,Referral,735.28
2024-02-04,SMB,Organic,1970.91
2024-02-04,SMB,Paid,1357.81
2024-02-04,SMB,Referral,569.47
2024-02-04,Self-serve,Organic,1126.61
2024-02-04,Self-serve,Paid,759.29
2024-02-04,Self-serve,Referral,329.16
2024-02-05,Enterprise,Organic,3074.81
2024-02-05,Enterprise,Paid,2176.02
2024-02-05,Enterprise,Referral,911.25
2024-02-05,SMB,Organic,2484.62
2024-02-05,SMB,Paid,1629.38
2024-02-05,SMB,Referral,740.89
2024-02-05,Self-serve,Organic,1370.96
2024-02-05,Self-serve,Paid,999.11
2024-02-05,Self-serve,Referral,422.97
2024-02-06,Enterprise,Organic,3277.48
2024-02-06,Enterprise,Paid,2223.11
2024-02-06,Enterprise,Referral,888.35
2024-02-06,SMB,Organic,2412.27
2024-02-06,SMB,Paid,1632.50
2024-02-06,SMB,Referral,713.86
2024-02-06,Self-serve,Organic,1443.84
2024-02-06,Self-serve,Paid,985.34
2024-02-06,Self-serve,Referral,405.68
2024-02-07,Enterprise,Organic,2962.49
2024-02-07,Enterprise,Paid,2140.89
2024-02-07,Enterprise,Referral,883.17
2024-02-07,SMB,Organic,2328.59
2024-02-07,SMB,Paid,1679.07
2024-02-07,SMB,Referral,737.64
2024-02-07,Self-serve,Organic,1382.76
2024-02-07,Self-serve,Paid,885.23
2024-02-07,Self-serve,Referral,411.11
2024-02-08,Enterprise,Organic,3067.26
2024-02-08,Enterprise,Paid,2169.05
2024-02-08,Enterprise,Referral,962.71
2024-02-08,SMB,Organic,2233.15
2024-02-08,SMB,Paid,1636.80
2024-02-08,SMB,Referral,726.81
2024-02-08,Self-serve,Organic,1295.74
2024-02-08,Self-serve,Paid,994.36
2024-02-08,Self-serve,Referral,412.60
2024-02-09,Enterprise,Organic,3084.42
2024-02-09,Enterprise,Paid,2069.55
2024-02-09,Enterprise,Referral,924.44
2024-02-09,SMB,Organic,2414.57
2024-02-09,SMB,Paid,1649.14
2024-02-09,SMB,Referral,706.81
2024-02-09,Self-serve,Organic,1347.74
2024-02-09,Self-serve,Paid,911.59
2024-02-09,Self-serve,Referral,399.29
2024-02-10,Enterprise,Organic,2422.56
2024-02-10,Enterprise,Paid,1723.18
2024-02-10,Enterprise,Referral,752.01
2024-02-10,SMB,Organic,1832.77
2024-02-10,SMB,Paid,1320.04
2024-02-10,SMB,Referral,593.10
2024-02-10,Self-serve,Organic,1057.51
2024-02-10,Self-serve,Paid,738.47
2024-02-10,Self-serve,Referral,326.46
2024-02-11,Enterprise,Organic,2499.60
2024-02-11,Enterprise,Paid,1707.07
2024-02-11,Enterprise,Referral,760.51
2024-02-11,SMB,Organic,1944.84
2024-02-11,SMB,Paid,1360.79
2024-02-11,SMB,Referral,578.29
2024-02-11,Self-serve,Organic,1159.14
2024-02-11,Self-serve,Paid,753.77
2024-02-11,Self-serve,Referral,305.51
2024-02-12,Enterprise,Organic,3290.80
2024-02-12,Enterprise,Paid,2167.61
2024-02-12,Enterprise,Referral,944.96
2024-02-12,SMB,Organic,2537.92
2024-02-12,SMB,Paid,1627.22
2024-02-12,SMB,Referral,705.09
2024-02-12,Self-serve,Organic,1328.39
2024-02-12,Self-serve,Paid,953.52
2024-02-12,Self-serve,Referral,424.15
2024-02-13,Enterprise,Organic,3194.48
2024-02-13,Enterprise,Paid,2219.76
2024-02-13,Enterprise,Referral,903.52
2024-02-13,SMB,Organic,2276.60
2024-02-13,SMB,Paid,1715.08
2024-02-13,SMB,Referral,723.45
2024-02-13,Self-serve,Organic,1417.05
2024-02-13,Self-serve,Paid,999.06
2024-02-13,Self-serve,Referral,421.07
2024-02-14,Enterprise,Organic,3162.52
2024-02-14,Enterprise,Paid,2179.29
2024-02-14,Enterprise,Referral,942.35
2024-02-14,SMB,Organic,2354.05
2024-02-14,SMB,Paid,1674.35
2024-02-14,SMB,Referral,725.73
2024-02-14,Self-serve,Organic,1408.05
2024-02-14,Self-serve,Paid,950.59
2024-02-14,Self-serve,Referral,418.71
2024-02-15,Enterprise,Organic,3072.53
2024-02-15,Enterprise,Paid,2160.42
2024-02-15,Enterprise,Referral,952.29
2024-02-15,SMB,Organic,2264.92
2024-02-15,SMB,Paid,1620.69
2024-02-15,SMB,Referral,690.55
2024-02-15,Self-serve,Organic,1280.18
2024-02-15,Self-serve,Paid,943.98
2024-02-15,Self-serve,Referral,422.25
2024-02-16,Enterprise,Organic,3017.91
2024-02-16,Enterprise,Paid,2143.39
2024-02-16,Enterprise,Referral,943.02
2024-02-16,SMB,Organic,2461.79
2024-02-16,SMB,Paid,1653.81
2024-02-16,SMB,Referral,739.09
2024-02-16,Self-serve,Organic,1356.59
2024-02-16,Self-serve,Paid,923.21
2024-02-16,Self-serve,Referral,398.62
2024-02-17,Enterprise,Organic,2353.31
2024-02-17,Enterprise,Paid,1677.96
2024-02-17,Enterprise,Referral,730.87
2024-02-17,SMB,Organic,1961.61
2024-02-17,SMB,Paid,1410.02
2024-02-17,SMB,Referral,550.80
2024-02-17,Self-serve,Organic,1107.43
2024-02-17,Self-serve,Paid,742.25
2024-02-17,Self-serve,Referral,333.04
2024-02-18,Enterprise,Organic,2457.14
2024-02-18,Enterprise,Paid,1631.94
2024-02-18,Enterprise,Referral,760.66
2024-02-18,SMB,Organic,1883.83
2024-02-18,SMB,Paid,1321.54
2024-02-18,SMB,Referral,557.12
2024-02-18,Self-serve,Organic,1074.85
2024-02-18,Self-serve,Paid,777.31
2024-02-18,Self-serve,Referral,327.04
2024-02-19,Enterprise,Organic,3208.30
2024-02-19,Enterprise,Paid,2248.03
2024-02-19,Enterprise,Referral,990.85
2024-02-19,SMB,Organic,2445.57
2024-02-19,SMB,Paid,1653.05
2024-02-19,SMB,Referral,765.03
2024-02-19,Self-serve,Organic,1397.95
2024-02-19,Self-serve,Paid,1021.44
2024-02-19,Self-serve,Referral,428.47
2024-02-20,Enterprise,Organic,3169.78
2024-02-20,Enterprise,Paid,2250.92
2024-02-20,Enterprise,Referral,1010.57
2024-02-20,SMB,Organic,2629.35
2024-02-20,SMB,Paid,1736.19
2024-02-20,SMB,Referral,746.11
2024-02-20,Self-serve,Organic,1460.02
2024-02-20,Self-serve,Paid,964.93
2024-02-20,Self-serve,Referral,428.55
2024-02-21,Enterprise,Organic,3126.17
2024-02-21,Enterprise,Paid,2210.64
2024-02-21,Enterprise,Referral,915.11
2024-02-21,SMB,Organic,2317.31
2024-02-21,SMB,Paid,1597.42
2024-02-21,SMB,Referral,705.54
2024-02-21,Self-serve,Organic,1371.35
2024-02-21,Self-serve,Paid,964.78
2024-02-21,Self-serve,Referral,441.39
2024-02-22,Enterprise,Organic,3237.80
2024-02-22,Enterprise,Paid,2130.36
2024-02-22,Enterprise,Referral,949.95
2024-02-22,SMB,Organic,2407.65
2024-02-22,SMB,Paid,1691.64
2024-02-22,SMB,Referral,735.29
2024-02-22,Self-serve,Organic,1418.68
2024-02-22,Self-serve,Paid,965.04
2024-02-22,Self-serve,Referral,431.18
2024-02-23,Enterprise,Organic,2974.32
2024-02-23,Enterprise,Paid,2156.29
2024-02-23,Enterprise,Referral,995.95
2024-02-23,SMB,Organic,2411.45
2024-02-23,SMB,Paid,1748.89
2024-02-23,SMB,Referral,720.60
2024-02-23,Self-serve,Organic,1392.66
2024-02-23,Self-serve,Paid,956.54
2024-02-23,Self-serve,Referral,408.54
2024-02-24,Enterprise,Organic,2433.43
2024-02-24,Enterprise,Paid,1766.70
2024-02-24,Enterprise,Referral,728.41
2024-02-24,SMB,Organic,1976.68
2024-02-24,SMB,Paid,1400.76
2024-02-24,SMB,Referral,587.79
2024-02-24,Self-serve,Organic,1097.91
2024-02-24,Self-serve,Paid,785.75
2024-02-24,Self-serve,Referral,329.15
2024-02-25,Enterprise,Organic,2565.88
2024-02-25,Enterprise,Paid,1651.10
2024-02-25,Enterprise,Referral,741.21
2024-02-25,SMB,Organic,1825.27
2024-02-25,SMB,Paid,1297.90
2024-02-25,SMB,Referral,606.19
2024-02-25,Self-serve,Organic,1139.05
2024-02-25,Self-serve,Paid,759.72
2024-02-25,Self-serve,Referral,317.78
2024-02-26,Enterprise,Organic,2928.39
2024-02-26,Enterprise,Paid,2213.29
2024-02-26,Enterprise,Referral,1034.30
2024-02-26,SMB,Organic,2532.59
2024-02-26,SMB,Paid,1720.61
2024-02-26,SMB,Referral,760.46
2024-02-26,Self-serve,Organic,1361.66
2024-02-26,Self-serve,Paid,991.07
2024-02-26,Self-serve,Referral,429.85
2024-02-27,Enterprise,Organic,3211.27
2024-02-27,Enterprise,Paid,2307.18
2024-02-27,Enterprise,Referral,975.86
2024-02-27,SMB,Organic,2554.33
2024-02-27,SMB,Paid,1716.69
2024-02-27,SMB,Referral,771.47
2024-02-27,Self-serve,Organic,1500.85
2024-02-27,Self-serve,Paid,972.50
2024-02-27,Self-serve,Referral,417.85
2024-02-28,Enterprise,Organic,3292.03
2024-02-28,Enterprise,Paid,2202.91
2024-02-28,Enterprise,Referral,989.55
2024-02-28,SMB,Organic,2429.13
2024-02-28,SMB,Paid,1798.49
2024-02-28,SMB,Referral,741.46
2024-02-28,Self-serve,Organic,1417.65
2024-02-28,Self-serve,Paid,1030.95
2024-02-28,Self-serve,Referral,417.44
2024-02-29,Enterprise,Organic,3080.90
2024-02-29,Enterprise,Paid,2189.43
2024-02-29,Enterprise,Referral,964.03
2024-02-29,SMB,Organic,2350.05
2024-02-29,SMB,Paid,1759.13
2024-02-29,SMB,Referral,727.81
2024-02-29,Self-serve,Organic,1457.59
2024-02-29,Self-serve,Paid,915.50
2024-02-29,Self-serve,Referral,412.75
2024-03-01,Enterprise,Organic,2958.09
2024-03-01,Enterprise,Paid,2126.95
2024-03-01,Enterprise,Referral,941.66
2024-03-01,SMB,Organic,2410.31
2024-03-01,SMB,Paid,1683.45
2024-03-01,SMB,Referral,723.53
2024-03-01,Self-serve,Organic,1393.22
2024-03-01,Self-serve,Paid,940.01
2024-03-01,Self-serve,Referral,424.24
2024-03-02,Enterprise,Organic,2570.80
2024-03-02,Enterprise,Paid,1784.87
2024-03-02,Enterprise,Referral,768.83
2024-03-02,SMB,Organic,1977.97
2024-03-02,SMB,Paid,1456.16
2024-03-02,SMB,Referral,586.62
2024-03-02,Self-serve,Organic,1109.99
2024-03-02,Self-serve,Paid,766.49
2024-03-02,Self-serve,Referral,325.68
2024-03-03,Enterprise,Organic,2430.57
2024-03-03,Enterprise,Paid,1720.26
2024-03-03,Enterprise,Referral,755.84
2024-03-03,SMB,Organic,1983.45
2024-03-03,SMB,Paid,1376.74
2024-03-03,SMB,Referral,575.60
2024-03-03,Self-serve,Organic,1152.45
2024-03-03,Self-serve,Paid,802.93
2024-03-03,Self-serve,Referral,335.03
2024-03-04,Enterprise,Organic,3187.85
2024-03-04,Enterprise,Paid,2313.53
2024-03-04,Enterprise,Referral,980.96
2024-03-04,SMB,Organic,2419.11
2024-03-04,SMB,Paid,1766.67
2024-03-04,SMB,Referral,764.66
2024-03-04,Self-serve,Organic,1406.12
2024-03-04,Self-serve,Paid,1017.35
2024-03-04,Self-serve,Referral,414.62
2024-03-05,Enterprise,Organic,3387.42
2024-03-05,Enterprise,Paid,2365.16
2024-03-05,Enterprise,Referral,969.66
2024-03-05,SMB,Organic,2560.74
2024-03-05,SMB,Paid,1644.99
2024-03-05,SMB,Referral,733.57
2024-03-05,Self-serve,Organic,1434.74
2024-03-05,Self-serve,Paid,980.66
2024-03-05,Self-serve,Referral,443.56
2024-03-06,Enterprise,Organic,3393.63
2024-03-06,Enterprise,Paid,2162.13
2024-03-06,Enterprise,Referral,936.40
2024-03-06,SMB,Organic,2507.86
2024-03-06,SMB,Paid,1827.45
2024-03-06,SMB,Referral,719.69
2024-03-06,Self-serve,Organic,1433.65
2024-03-06,Self-serve,Paid,1050.54
2024-03-06,Self-serve,Referral,405.75
2024-03-07,Enterprise,Organic,3083.76
2024-03-07,Enterprise,Paid,2216.38
2024-03-07,Enterprise,Referral,947.08
2024-03-07,SMB,Organic,2555.15
2024-03-07,SMB,Paid,1758.70
2024-03-07,SMB,Referral,708.46
2024-03-07,Self-serve,Organic,1447.38
2024-03-07,Self-serve,Paid,980.45
2024-03-07,Self-serve,Referral,443.95
2024-03-08,Enterprise,Organic,3092.29
2024-03-08,Enterprise,Paid,2164.01
2024-03-08,Enterprise,Referral,960.84
2024-03-08,SMB,Organic,2507.37
2024-03-08,SMB,Paid,1738.95
2024-03-08,SMB,Referral,698.19
2024-03-08,Self-serve,Organic,1423.33
2024-03-08,Self-serve,Paid,950.08
2024-03-08,Self-serve,Referral,423.18
2024-03-09,Enterprise,Organic,2440.79
2024-03-09,Enterprise,Paid,1808.68
2024-03-09,Enterprise,Referral,746.40
2024-03-09,SMB,Organic,1906.78
2024-03-09,SMB,Paid,1417.89
2024-03-09,SMB,Referral,599.24
2024-03-09,Self-serve,Organic,1112.32
2024-03-09,Self-serve,Paid,827.77
2024-03-09,Self-serve,Referral,335.46
2024-03-10,Enterprise,Organic,2556.29
2024-03-10,Enterprise,Paid,1802.10
2024-03-10,Enterprise,Referral,751.91
2024-03-10,SMB,Organic,2014.39
2024-03-10,SMB,Paid,1368.17
2024-03-10,SMB,Referral,588.53
2024-03-10,Self-serve,Organic,1181.44
2024-03-10,Self-serve,Paid,769.72
2024-03-10,Self-serve,Referral,315.86
2024-03-11,Enterprise,Organic,3447.76
2024-03-11,Enterprise,Paid,2478.25
2024-03-11,Enterprise,Referral,974.65
2024-03-11,SMB,Organic,2409.34
2024-03-11,SMB,Paid,1773.90
2024-03-11,SMB,Referral,760.80
2024-03-11,Self-serve,Organic,1453.37
2024-03-11,Self-serve,Paid,989.01
2024-03-11,Self-serve,Referral,446.13
2024-03-12,Enterprise,Organic,3345.98
2024-03-12,Enterprise,Paid,2202.52
2024-03-12,Enterprise,Referral,1008.97
2024-03-12,SMB,Organic,2719.89
2024-03-12,SMB,Paid,1802.73
2024-03-12,SMB,Referral,760.86
2024-03-12,Self-serve,Organic,1457.83
2024-03-12,Self-serve,Paid,1043.76
2024-03-12,Self-serve,Referral,416.42
2024-03-13,Enterprise,Organic,3254.34
2024-03-13,Enterprise,Paid,2240.31
2024-03-13,Enterprise,Referral,1025.37
2024-03-13,SMB,Organic,2505.57
2024-03-13,SMB,Paid,1851.33
2024-03-13,SMB,Referral,730.60
2024-03-13,Self-serve,Organic,1464.63
2024-03-13,Self-serve,Paid,1017.15
2024-03-13,Self-serve,Referral,420.53
2024-03-14,Enterprise,Organic,3260.86
2024-03-14,Enterprise,Paid,2353.11
2024-03-14,Enterprise,Referral,963.63
2024-03-14,SMB,Organic,2394.75
2024-03-14,SMB,Paid,1765.03
2024-03-14,SMB,Referral,736.35
2024-03-14,Self-serve,Organic,1426.79
2024-03-14,Self-serve,Paid,1006.65
2024-03-14,Self-serve,Referral,410.35
2024-03-15,Enterprise,Organic,3033.03
2024-03-15,Enterprise,Paid,2263.54
2024-03-15,Enterprise,Referral,941.26
2024-03-15,SMB,Organic,2288.43
2024-03-15,SMB,Paid,1776.29
2024-03-15,SMB,Referral,749.83
2024-03-15,Self-serve,Organic,1386.34
2024-03-15,Self-serve,Paid,952.50
2024-03-15,Self-serve,Referral,435.66
2024-03-16,Enterprise,Organic,2605.71
2024-03-16,Enterprise,Paid,1934.10
2024-03-16,Enterprise,Referral,783.36
2024-03-16,SMB,Organic,2028.97
2024-03-16,SMB,Paid,1396.92
2024-03-16,SMB,Referral,616.44
2024-03-16,Self-serve,Organic,1167.57
2024-03-16,Self-serve,Paid,832.38
2024-03-16,Self-serve,Referral,338.45
2024-03-17,Enterprise,Organic,2549.09
2024-03-17,Enterprise,Paid,1781.99
2024-03-17,Enterprise,Referral,793.23
2024-03-17,SMB,Organic,2099.17
2024-03-17,SMB,Paid,1386.85
2024-03-17,SMB,Referral,594.98
2024-03-17,Self-serve,Organic,1158.74
2024-03-17,Self-serve,Paid,797.62
2024-03-17,Self-serve,Referral,354.21
2024-03-18,Enterprise,Organic,3101.41
2024-03-18,Enterprise,Paid,2270.53
2024-03-18,Enterprise,Referral,974.41
2024-03-18,SMB,Organic,2406.89
2024-03-18,SMB,Paid,1758.53
2024-03-18,SMB,Referral,754.78
2024-03-18,Self-serve,Organic,1469.35
2024-03-18,Self-serve,Paid,1069.34
2024-03-18,Self-serve,Referral,440.22
2024-03-19,Enterprise,Organic,3228.41
2024-03-19,Enterprise,Paid,2328.02
2024-03-19,Enterprise,Referral,1030.89
2024-03-19,SMB,Organic,2515.25
2024-03-19,SMB,Paid,1764.23
2024-03-19,SMB,Referral,790.36
2024-03-19,Self-serve,Organic,1470.80
2024-03-19,Self-serve,Paid,1056.58
2024-03-19,Self-serve,Referral,444.01
2024-03-20,Enterprise,Organic,3343.90
2024-03-20,Enterprise,Paid,2221.29
2024-03-20,Enterprise,Referral,982.13
2024-03-20,SMB,Organic,2531.09
2024-03-20,SMB,Paid,1718.00
2024-03-20,SMB,Referral,728.32
2024-03-20,Self-serve,Organic,1485.48
2024-03-20,Self-serve,Paid,1008.15
2024-03-20,Self-serve,Referral,423.27
2024-03-21,Enterprise,Organic,3270.73
2024-03-21,Enterprise,Paid,2373.84
2024-03-21,Enterprise,Referral,916.73
2024-03-21,SMB,Organic,2436.71
2024-03-21,SMB,Paid,1736.44
2024-03-21,SMB,Referral,798.93
2024-03-21,Self-serve,Organic,1470.22
2024-03-21,Self-serve,Paid,1044.00
2024-03-21,Self-serve,Referral,422.40
2024-03-22,Enterprise,Organic,3115.17
2024-03-22,Enterprise,Paid,2286.71
2024-03-22,Enterprise,Referral,968.72
2024-03-22,SMB,Organic,2548.38
2024-03-22,SMB,Paid,1745.10
2024-03-22,SMB,Referral,758.41
2024-03-22,Self-serve,Organic,1439.43
2024-03-22,Self-serve,Paid,1026.24
2024-03-22,Self-serve,Referral,440.20
2024-03-23,Enterprise,Organic,2480.96
2024-03-23,Enterprise,Paid,1702.31
2024-03-23,Enterprise,Referral,805.81
2024-03-23,SMB,Organic,2100.47
2024-03-23,SMB,Paid,1376.27
2024-03-23,SMB,Referral,574.51
2024-03-23,Self-serve,Organic,1162.41
2024-03-23,Self-serve,Paid,833.93
2024-03-23,Self-serve,Referral,366.44
2024-03-24,Enterprise,Organic,2652.28
2024-03-24,Enterprise,Paid,1807.89
2024-03-24,Enterprise,Referral,762.55
2024-03-24,SMB,Organic,2032.12
2024-03-24,SMB,Paid,1409.23
2024-03-24,SMB,Referral,590.87
2024-03-24,Self-serve,Organic,1232.16
2024-03-24,Self-serve,Paid,856.08
2024-03-24,Self-serve,Referral,360.11
2024-03-25,Enterprise,Organic,3270.47
2024-03-25,Enterprise,Paid,2414.76
2024-03-25,Enterprise,Referral,1028.38
2024-03-25,SMB,Organic,2650.70
2024-03-25,SMB,Paid,1899.83
2024-03-25,SMB,Referral,799.75
2024-03-25,Self-serve,Organic,1528.02
2024-03-25,Self-serve,Paid,1066.38
2024-03-25,Self-serve,Referral,453.04
2024-03-26,Enterprise,Organic,3188.46
2024-03-26,Enterprise,Paid,2364.01
2024-03-26,Enterprise,Referral,993.75
2024-03-26,SMB,Organic,2519.51
2024-03-26,SMB,Paid,1926.61
2024-03-26,SMB,Referral,826.80
2024-03-26,Self-serve,Organic,1558.26
2024-03-26,Self-serve,Paid,1056.07
2024-03-26,Self-serve,Referral,467.36
2024-03-27,Enterprise,Organic,3312.75
2024-03-27,Enterprise,Paid,2332.19
2024-03-27,Enterprise,Referral,960.88
2024-03-27,SMB,Organic,2606.33
2024-03-27,SMB,Paid,1806.22
2024-03-27,SMB,Referral,742.50
2024-03-27,Self-serve,Organic,1469.54
2024-03-27,Self-serve,Paid,1027.80
2024-03-27,Self-serve,Referral,465.35
2024-03-28,Enterprise,Organic,3405.76
2024-03-28,Enterprise,Paid,2322.55
2024-03-28,Enterprise,Referral,1002.46
2024-03-28,SMB,Organic,2583.14
2024-03-28,SMB,Paid,1794.81
2024-03-28,SMB,Referral,748.78
2024-03-28,Self-serve,Organic,1467.45
2024-03-28,Self-serve,Paid,1008.79
2024-03-28,Self-serve,Referral,425.65
2024-03-29,Enterprise,Organic,3309.32
2024-03-29,Enterprise,Paid,2308.31
2024-03-29,Enterprise,Referral,925.39
2024-03-29,SMB,Organic,2525.71
2024-03-29,SMB,Paid,1827.53
2024-03-29,SMB,Referral,784.68
2024-03-29,Self-serve,Organic,1493.17
2024-03-29,Self-serve,Paid,1015.20
2024-03-29,Self-serve,Referral,423.56
2024-03-30,Enterprise,Organic,2550.96
2024-03-30,Enterprise,Paid,1864.76
2024-03-30,Enterprise,Referral,800.00
2024-03-30,SMB,Organic,2129.95
2024-03-30,SMB,Paid,1482.90
2024-03-30,SMB,Referral,612.78
2024-03-30,Self-serve,Organic,1128.12
2024-03-30,Self-serve,Paid,812.45
2024-03-30,Self-serve,Referral,353.85
2024-03-31,Enterprise,Organic,2624.81
2024-03-31,Enterprise,Paid,1816.53
2024-03-31,Enterprise,Referral,798.26
2024-03-31,SMB,Organic,2022.92
2024-03-31,SMB,Paid,1410.69
2024-03-31,SMB,Referral,621.95
2024-03-31,Self-serve,Organic,1159.54
2024-03-31,Self-serve,Paid,827.61
2024-03-31,Self-serve,Referral,355.00
2024-04-01,Enterprise,Organic,3284.42
2024-04-01,Enterprise,Paid,2346.10
2024-04-01,Enterprise,Referral,1064.21
2024-04-01,SMB,Organic,2552.75
2024-04-01,SMB,Paid,1733.91
2024-04-01,SMB,Referral,749.17
2024-04-01,Self-serve,Organic,1512.73
2024-04-01,Self-serve,Paid,1058.97
2024-04-01,Self-serve,Referral,451.82
2024-04-02,Enterprise,Organic,3530.06
2024-04-02,Enterprise,Paid,2193.02
2024-04-02,Enterprise,Referral,1033.94
2024-04-02,SMB,Organic,2773.20
2024-04-02,SMB,Paid,1791.63
2024-04-02,SMB,Referral,785.68
2024-04-02,Self-serve,Organic,1479.58
2024-04-02,Self-serve,Paid,1031.21
2024-04-02,Self-serve,Referral,449.69
2024-04-03,Enterprise,Organic,3491.53
2024-04-03,Enterprise,Paid,2472.89
2024-04-03,Enterprise,Referral,994.32
2024-04-03,SMB,Organic,2752.94
2024-04-03,SMB,Paid,1824.83
2024-04-03,SMB,Referral,822.34
2024-04-03,Self-serve,Organic,1483.90
2024-04-03,Self-serve,Paid,1045.74
2024-04-03,Self-serve,Referral,451.31
2024-04-04,Enterprise,Organic,3673.17
2024-04-04,Enterprise,Paid,2407.31
2024-04-04,Enterprise,Referral,984.67
2024-04-04,SMB,Organic,2684.00
2024-04-04,SMB,Paid,1805.91
2024-04-04,SMB,Referral,770.96
2024-04-04,Self-serve,Organic,1531.01
2024-04-04,Self-serve,Paid,1044.25
2024-04-04,Self-serve,Referral,450.85
2024-04-05,Enterprise,Organic,3296.62
2024-04-05,Enterprise,Paid,2329.95
2024-04-05,Enterprise,Referral,1001.17
2024-04-05,SMB,Organic,2414.03
2024-04-05,SMB,Paid,1829.95
2024-04-05,SMB,Referral,746.24
2024-04-05,Self-serve,Organic,1401.18
2024-04-05,Self-serve,Paid,1023.39
2024-04-05,Self-serve,Referral,440.47
2024-04-06,Enterprise,Organic,2610.22
2024-04-06,Enterprise,Paid,1912.49
2024-04-06,Enterprise,Referral,767.50
2024-04-06,SMB,Organic,2047.99
2024-04-06,SMB,Paid,1425.85
2024-04-06,SMB,Referral,621.12
2024-04-06,Self-serve,Organic,1194.66
2024-04-06,Self-serve,Paid,804.25
2024-04-06,Self-serve,Referral,363.15
2024-04-07,Enterprise,Organic,2674.87
2024-04-07,Enterprise,Paid,1762.80
2024-04-07,Enterprise,Referral,753.88
2024-04-07,SMB,Organic,2075.76
2024-04-07,SMB,Paid,1443.93
2024-04-07,SMB,Referral,621.03
2024-04-07,Self-serve,Organic,1185.59
2024-04-07,Self-serve,Paid,836.23
2024-04-07,Self-serve,Referral,366.10
2024-04-08,Enterprise,Organic,3323.35
2024-04-08,Enterprise,Paid,2321.95
2024-04-08,Enterprise,Referral,997.56
2024-04-08,SMB,Organic,2697.14
2024-04-08,SMB,Paid,1941.68
2024-04-08,SMB,Referral,791.81
2024-04-08,Self-serve,Organic,1413.30
2024-04-08,Self-serve,Paid,1014.91
2024-04-08,Self-serve,Referral,446.94
2024-04-09,Enterprise,Organic,3385.66
2024-04-09,Enterprise,Paid,2380.76
2024-04-09,Enterprise,Referral,1034.18
2024-04-09,SMB,Organic,2653.06
2024-04-09,SMB,Paid,1933.69
2024-04-09,SMB,Referral,787.14
2024-04-09,Self-serve,Organic,1490.76
2024-04-09,Self-serve,Paid,1086.63
2024-04-09,Self-serve,Referral,437.95
2024-04-10,Enterprise,Organic,3424.31
2024-04-10,Enterprise,Paid,2376.61
2024-04-10,Enterprise,Referral,1010.93
2024-04-10,SMB,Organic,2758.01
2024-04-10,SMB,Paid,1808.40
2024-04-10,SMB,Referral,838.59
2024-04-10,Self-serve,Organic,1494.16
2024-04-10,Self-serve,Paid,1012.69
2024-04-10,Self-serve,Referral,452.25
2024-04-11,Enterprise,Organic,3280.51
2024-04-11,Enterprise,Paid,2319.46
2024-04-11,Enterprise,Referral,1029.10
2024-04-11,SMB,Organic,2680.59
2024-04-11,SMB,Paid,1811.20
2024-04-11,SMB,Referral,814.42
2024-04-11,Self-serve,Organic,1558.97
2024-04-11,Self-serve,Paid,1100.10
2024-04-11,Self-serve,Referral,459.17
2024-04-12,Enterprise,Organic,3467.39
2024-04-12,Enterprise,Paid,2200.22
2024-04-12,Enterprise,Referral,989.81
2024-04-12,SMB,Organic,2523.49
2024-04-12,SMB,Paid,1820.10
2024-04-12,SMB,Referral,763.94
2024-04-12,Self-serve,Organic,1473.12
2024-04-12,Self-serve,Paid,1094.87
2024-04-12,Self-serve,Referral,441.89
2024-04-13,Enterprise,Organic,2728.13
2024-04-13,Enterprise,Paid,1873.13
2024-04-13,Enterprise,Referral,810.24
2024-04-13,SMB,Organic,2096.24
2024-04-13,SMB,Paid,1486.83
2024-04-13,SMB,Referral,650.74
2024-04-13,Self-serve,Organic,1256.82
2024-04-13,Self-serve,Paid,846.13
2024-04-13,Self-serve,Referral,365.64
2024-04-14,Enterprise,Organic,2605.64
2024-04-14,Enterprise,Paid,1884.19
2024-04-14,Enterprise,Referral,832.48
2024-04-14,SMB,Organic,2153.61
2024-04-14,SMB,Paid,1478.68
2024-04-14,SMB,Referral,646.47
2024-04-14,Self-serve,Organic,1217.13
2024-04-14,Self-serve,Paid,869.87
2024-04-14,Self-serve,Referral,362.97
2024-04-15,Enterprise,Organic,3438.15
2024-04-15,Enterprise,Paid,2457.17
2024-04-15,Enterprise,Referral,950.91
2024-04-15,SMB,Organic,2734.01
2024-04-15,SMB,Paid,1684.98
2024-04-15,SMB,Referral,768.96
2024-04-15,Self-serve,Organic,1565.48
2024-04-15,Self-serve,Paid,1096.67
2024-04-15,Self-serve,Referral,447.21
2024-04-16,Enterprise,Organic,3406.20
2024-04-16,Enterprise,Paid,2536.57
2024-04-16,Enterprise,Referral,1029.01
2024-04-16,SMB,Organic,2889.26
2024-04-16,SMB,Paid,1894.86
2024-04-16,SMB,Referral,822.07
2024-04-16,Self-serve,Organic,1621.95
2024-04-16,Self-serve,Paid,1087.10
2024-04-16,Self-serve,Referral,450.12
2024-04-17,Enterprise,Organic,3410.07
2024-04-17,Enterprise,Paid,2392.37
2024-04-17,Enterprise,Referral,984.38
2024-04-17,SMB,Organic,2640.61
2024-04-17,SMB,Paid,1821.25
2024-04-17,SMB,Referral,820.45
2024-04-17,Self-serve,Organic,1522.17
2024-04-17,Self-serve,Paid,1055.38
2024-04-17,Self-serve,Referral,454.72
2024-04-18,Enterprise,Organic,3449.50
2024-04-18,Enterprise,Paid,2442.98
2024-04-18,Enterprise,Referral,997.14
2024-04-18,SMB,Organic,2581.82
2024-04-18,SMB,Paid,1927.40
2024-04-18,SMB,Referral,789.64
2024-04-18,Self-serve,Organic,1458.18
2024-04-18,Self-serve,Paid,1080.23
2024-04-18,Self-serve,Referral,463.23
2024-04-19,Enterprise,Organic,3212.42
2024-04-19,Enterprise,Paid,2373.15
2024-04-19,Enterprise,Referral,1032.40
2024-04-19,SMB,Organic,2648.22
2024-04-19,SMB,Paid,1867.92
2024-04-19,SMB,Referral,752.54
2024-04-19,Self-serve,Organic,1511.32
2024-04-19,Self-serve,Paid,1038.01
2024-04-19,Self-serve,Referral,442.44
2024-04-20,Enterprise,Organic,2794.80
2024-04-20,Enterprise,Paid,1991.18
2024-04-20,Enterprise,Referral,861.09
2024-04-20,SMB,Organic,2201.97
2024-04-20,SMB,Paid,1478.01
2024-04-20,SMB,Referral,642.25
2024-04-20,Self-serve,Organic,1238.37
2024-04-20,Self-serve,Paid,850.44
2024-04-20,Self-serve,Referral,364.58
2024-04-21,Enterprise,Organic,2795.23
2024-04-21,Enterprise,Paid,1906.07
2024-04-21,Enterprise,Referral,800.44
2024-04-21,SMB,Organic,2095.25
2024-04-21,SMB,Paid,1513.39
2024-04-21,SMB,Referral,636.55
2024-04-21,Self-serve,Organic,1224.74
2024-04-21,Self-serve,Paid,865.71
2024-04-21,Self-serve,Referral,359.62
2024-04-22,Enterprise,Organic,3592.21
2024-04-22,Enterprise,Paid,2486.71
2024-04-22,Enterprise,Referral,1014.72
2024-04-22,SMB,Organic,2850.17
2024-04-22,SMB,Paid,1883.64
2024-04-22,SMB,Referral,778.89
2024-04-22,Self-serve,Organic,1512.17
2024-04-22,Self-serve,Paid,1059.31
2024-04-22,Self-serve,Referral,469.07
2024-04-23,Enterprise,Organic,3488.94
2024-04-23,Enterprise,Paid,2437.61
2024-04-23,Enterprise,Referral,1074.97
2024-04-23,SMB,Organic,2764.00
2024-04-23,SMB,Paid,1933.43
2024-04-23,SMB,Referral,830.92
2024-04-23,Self-serve,Organic,1592.38
2024-04-23,Self-serve,Paid,1025.23
2024-04-23,Self-serve,Referral,463.92
2024-04-24,Enterprise,Organic,3231.75
2024-04-24,Enterprise,Paid,2423.16
2024-04-24,Enterprise,Referral,1037.23
2024-04-24,SMB,Organic,2773.85
2024-04-24,SMB,Paid,1949.72
2024-04-24,SMB,Referral,811.76
2024-04-24,Self-serve,Organic,1513.79
2024-04-24,Self-serve,Paid,1091.46
2024-04-24,Self-serve,Referral,453.75
2024-04-25,Enterprise,Organic,3463.01
2024-04-25,Enterprise,Paid,2495.92
2024-04-25,Enterprise,Referral,1021.56
2024-04-25,SMB,Organic,2758.67
2024-04-25,SMB,Paid,1923.81
2024-04-25,SMB,Referral,784.92
2024-04-25,Self-serve,Organic,1584.15
2024-04-25,Self-serve,Paid,1100.00
2024-04-25,Self-serve,Referral,463.17
2024-04-26,Enterprise,Organic,3325.11
2024-04-26,Enterprise,Paid,2320.66
2024-04-26,Enterprise,Referral,1004.41
2024-04-26,SMB,Organic,2689.81
2024-04-26,SMB,Paid,1799.60
2024-04-26,SMB,Referral,804.44
2024-04-26,Self-serve,Organic,1456.07
2024-04-26,Self-serve,Paid,1052.21
2024-04-26,Self-serve,Referral,455.22
2024-04-27,Enterprise,Organic,2954.59
2024-04-27,Enterprise,Paid,1847.25
2024-04-27,Enterprise,Referral,862.27
2024-04-27,SMB,Organic,2150.59
2024-04-27,SMB,Paid,1517.16
2024-04-27,SMB,Referral,644.57
2024-04-27,Self-serve,Organic,1239.73
2024-04-27,Self-serve,Paid,852.44
2024-04-27,Self-serve,Referral,383.03
2024-04-28,Enterprise,Organic,2719.06
2024-04-28,Enterprise,Paid,1995.32
2024-04-28,Enterprise,Referral,811.06
2024-04-28,SMB,Organic,2140.31
2024-04-28,SMB,Paid,1452.66
2024-04-28,SMB,Referral,652.04
2024-04-28,Self-serve,Organic,1278.37
2024-04-28,Self-serve,Paid,855.68
2024-04-28,Self-serve,Referral,365.40
2024-04-29,Enterprise,Organic,3431.10
2024-04-29,Enterprise,Paid,5134.43
2024-04-29,Enterprise,Referral,1014.05
2024-04-29,SMB,Organic,2685.34
2024-04-29,SMB,Paid,4612.48
2024-04-29,SMB,Referral,861.06
2024-04-29,Self-serve,Organic,1710.65
2024-04-29,Self-serve,Paid,3751.61
2024-04-29,Self-serve,Referral,493.69
2024-04-30,Enterprise,Organic,3581.12
2024-04-30,Enterprise,Paid,2477.29
2024-04-30,Enterprise,Referral,1080.38
2024-04-30,SMB,Organic,2770.23
2024-04-30,SMB,Paid,1941.98
2024-04-30,SMB,Referral,819.37
2024-04-30,Self-serve,Organic,1513.78
2024-04-30,Self-serve,Paid,1054.82
2024-04-30,Self-serve,Referral,483.31
2024-05-01,Enterprise,Organic,3465.51
2024-05-01,Enterprise,Paid,2402.42
2024-05-01,Enterprise,Referral,1048.62
2024-05-01,SMB,Organic,2782.77
2024-05-01,SMB,Paid,1912.86
2024-05-01,SMB,Referral,799.34
2024-05-01,Self-serve,Organic,1610.26
2024-05-01,Self-serve,Paid,1138.69
2024-05-01,Self-serve,Referral,472.85
2024-05-02,Enterprise,Organic,3601.97
2024-05-02,Enterprise,Paid,2541.10
2024-05-02,Enterprise,Referral,1085.52
2024-05-02,SMB,Organic,2772.17
2024-05-02,SMB,Paid,1939.62
2024-05-02,SMB,Referral,829.34
2024-05-02,Self-serve,Organic,1504.24
2024-05-02,Self-serve,Paid,1111.70
2024-05-02,Self-serve,Referral,447.65
2024-05-03,Enterprise,Organic,3356.86
2024-05-03,Enterprise,Paid,2501.32
2024-05-03,Enterprise,Referral,1057.66
2024-05-03,SMB,Organic,2794.00
2024-05-03,SMB,Paid,1857.00
2024-05-03,SMB,Referral,774.66
2024-05-03,Self-serve,Organic,1517.35
2024-05-03,Self-serve,Paid,1073.14
2024-05-03,Self-serve,Referral,459.60
2024-05-04,Enterprise,Organic,2876.27
2024-05-04,Enterprise,Paid,1926.06
2024-05-04,Enterprise,Referral,843.31
2024-05-04,SMB,Organic,2099.35
2024-05-04,SMB,Paid,1534.92
2024-05-04,SMB,Referral,649.12
2024-05-04,Self-serve,Organic,1208.49
2024-05-04,Self-serve,Paid,859.28
2024-05-04,Self-serve,Referral,368.84
2024-05-05,Enterprise,Organic,2763.23
2024-05-05,Enterprise,Paid,2053.69
2024-05-05,Enterprise,Referral,833.27
2024-05-05,SMB,Organic,2150.89
2024-05-05,SMB,Paid,1421.28
2024-05-05,SMB,Referral,632.58
2024-05-05,Self-serve,Organic,1228.37
2024-05-05,Self-serve,Paid,848.86
2024-05-05,Self-serve,Referral,386.84
2024-05-06,Enterprise,Organic,3569.33
2024-05-06,Enterprise,Paid,2608.01
2024-05-06,Enterprise,Referral,1078.12
2024-05-06,SMB,Organic,2793.07
2024-05-06,SMB,Paid,1947.76
2024-05-06,SMB,Referral,837.08
2024-05-06,Self-serve,Organic,1676.46
2024-05-06,Self-serve,Paid,1038.32
2024-05-06,Self-serve,Referral,449.56
2024-05-07,Enterprise,Organic,3533.87
2024-05-07,Enterprise,Paid,2515.78
2024-05-07,Enterprise,Referral,1100.03
2024-05-07,SMB,Organic,2833.75
2024-05-07,SMB,Paid,1933.32
2024-05-07,SMB,Referral,863.85
2024-05-07,Self-serve,Organic,1645.97
2024-05-07,Self-serve,Paid,1123.81
2024-05-07,Self-serve,Referral,492.82
2024-05-08,Enterprise,Organic,3559.99
2024-05-08,Enterprise,Paid,2430.14
2024-05-08,Enterprise,Referral,1081.51
2024-05-08,SMB,Organic,2755.53
2024-05-08,SMB,Paid,1922.57
2024-05-08,SMB,Referral,860.33
2024-05-08,Self-serve,Organic,1453.99
2024-05-08,Self-serve,Paid,1051.84
2024-05-08,Self-serve,Referral,454.05
2024-05-09,Enterprise,Organic,3497.80
2024-05-09,Enterprise,Paid,2456.53
2024-05-09,Enterprise,Referral,1012.93
2024-05-09,SMB,Organic,2669.19
2024-05-09,SMB,Paid,1875.62
2024-05-09,SMB,Referral,885.98
2024-05-09,Self-serve,Organic,1656.66
2024-05-09,Self-serve,Paid,1086.60
2024-05-09,Self-serve,Referral,466.37
2024-05-10,Enterprise,Organic,3354.94
2024-05-10,Enterprise,Paid,2293.08
2024-05-10,Enterprise,Referral,1038.77
2024-05-10,SMB,Organic,2621.67
2024-05-10,SMB,Paid,1886.99
2024-05-10,SMB,Referral,771.85
2024-05-10,Self-serve,Organic,1509.03
2024-05-10,Self-serve,Paid,1085.85
2024-05-10,Self-serve,Referral,468.39
2024-05-11,Enterprise,Organic,2845.86
2024-05-11,Enterprise,Paid,1889.52
2024-05-11,Enterprise,Referral,864.82
2024-05-11,SMB,Organic,2133.59
2024-05-11,SMB,Paid,1559.30
2024-05-11,SMB,Referral,655.61
2024-05-11,Self-serve,Organic,1197.60
2024-05-11,Self-serve,Paid,866.13
2024-05-11,Self-serve,Referral,378.86
2024-05-12,Enterprise,Organic,2866.57
2024-05-12,Enterprise,Paid,1962.03
2024-05-12,Enterprise,Referral,883.25
2024-05-12,SMB,Organic,2255.47
2024-05-12,SMB,Paid,1520.71
2024-05-12,SMB,Referral,671.57
2024-05-12,Self-serve,Organic,1323.60
2024-05-12,Self-serve,Paid,927.22
2024-05-12,Self-serve,Referral,361.48
2024-05-13,Enterprise,Organic,3523.62
2024-05-13,Enterprise,Paid,2650.07
2024-05-13,Enterprise,Referral,1052.79
2024-05-13,SMB,Organic,2707.10
2024-05-13,SMB,Paid,1944.48
2024-05-13,SMB,Referral,856.35
2024-05-13,Self-serve,Organic,1605.88
2024-05-13,Self-serve,Paid,1105.57
2024-05-13,Self-serve,Referral,473.47
2024-05-14,Enterprise,Organic,3552.12
2024-05-14,Enterprise,Paid,2473.74
2024-05-14,Enterprise,Referral,1163.44
2024-05-14,SMB,Organic,2848.29
2024-05-14,SMB,Paid,2028.73
2024-05-14,SMB,Referral,834.50
2024-05-14,Self-serve,Organic,1604.19
2024-05-14,Self-serve,Paid,1105.06
2024-05-14,Self-serve,Referral,445.46
2024-05-15,Enterprise,Organic,3420.21
2024-05-15,Enterprise,Paid,2361.73
2024-05-15,Enterprise,Referral,998.07
2024-05-15,SMB,Organic,2675.37
2024-05-15,SMB,Paid,2019.62
2024-05-15,SMB,Referral,831.35
2024-05-15,Self-serve,Organic,1647.04
2024-05-15,Self-serve,Paid,1123.64
2024-05-15,Self-serve,Referral,486.86
2024-05-16,Enterprise,Organic,3476.36
2024-05-16,Enterprise,Paid,2540.36
2024-05-16,Enterprise,Referral,1095.31
2024-05-16,SMB,Organic,2730.87
2024-05-16,SMB,Paid,1977.91
2024-05-16,SMB,Referral,847.84
2024-05-16,Self-serve,Organic,1561.79
2024-05-16,Self-serve,Paid,1074.14
2024-05-16,Self-serve,Referral,459.47
2024-05-17,Enterprise,Organic,3519.75
2024-05-17,Enterprise,Paid,2481.56
2024-05-17,Enterprise,Referral,1028.15
2024-05-17,SMB,Organic,2732.68
2024-05-17,SMB,Paid,1944.06
2024-05-17,SMB,Referral,834.34
2024-05-17,Self-serve,Organic,1632.93
2024-05-17,Self-serve,Paid,1134.04
2024-05-17,Self-serve,Referral,454.02
2024-05-18,Enterprise,Organic,2983.08
2024-05-18,Enterprise,Paid,1956.10
2024-05-18,Enterprise,Referral,878.60
2024-05-18,SMB,Organic,2213.13
2024-05-18,SMB,Paid,1526.92
2024-05-18,SMB,Referral,626.65
2024-05-18,Self-serve,Organic,1255.58
2024-05-18,Self-serve,Paid,842.12
2024-05-18,Self-serve,Referral,389.61
2024-05-19,Enterprise,Organic,2973.21
2024-05-19,Enterprise,Paid,1943.07
2024-05-19,Enterprise,Referral,860.87
2024-05-19,SMB,Organic,2163.71
2024-05-19,SMB,Paid,1519.10
2024-05-19,SMB,Referral,678.97
2024-05-19,Self-serve,Organic,1262.45
2024-05-19,Self-serve,Paid,930.91
2024-05-19,Self-serve,Referral,373.69
2024-05-20,Enterprise,Organic,3771.42
2024-05-20,Enterprise,Paid,2570.64
2024-05-20,Enterprise,Referral,1124.72
2024-05-20,SMB,Organic,2809.74
2024-05-20,SMB,Paid,1990.60
2024-05-20,SMB,Referral,851.42
2024-05-20,Self-serve,Organic,1586.58
2024-05-20,Self-serve,Paid,1161.80
2024-05-20,Self-serve,Referral,497.74
2024-05-21,Enterprise,Organic,3732.27
2024-05-21,Enterprise,Paid,2685.24
2024-05-21,Enterprise,Referral,1147.92
2024-05-21,SMB,Organic,2820.01
2024-05-21,SMB,Paid,2018.80
2024-05-21,SMB,Referral,839.62
2024-05-21,Self-serve,Organic,1630.91
2024-05-21,Self-serve,Paid,1120.31
2024-05-21,Self-serve,Referral,512.69
2024-05-22,Enterprise,Organic,3643.62
2024-05-22,Enterprise,Paid,2506.50
2024-05-22,Enterprise,Referral,1120.01
2024-05-22,SMB,Organic,2620.79
2024-05-22,SMB,Paid,1843.77
2024-05-22,SMB,Referral,861.08
2024-05-22,Self-serve,Organic,1604.81
2024-05-22,Self-serve,Paid,1129.76
2024-05-22,Self-serve,Referral,461.45
2024-05-23,Enterprise,Organic,3607.00
2024-05-23,Enterprise,Paid,2678.53
2024-05-23,Enterprise,Referral,1109.63
2024-05-23,SMB,Organic,2821.70
2024-05-23,SMB,Paid,1939.30
2024-05-23,SMB,Referral,832.25
2024-05-23,Self-serve,Organic,1501.76
2024-05-23,Self-serve,Paid,1131.64
2024-05-23,Self-serve,Referral,493.48
2024-05-24,Enterprise,Organic,3378.90
2024-05-24,Enterprise,Paid,2433.32
2024-05-24,Enterprise,Referral,1027.02
2024-05-24,SMB,Organic,2678.54
2024-05-24,SMB,Paid,1933.99
2024-05-24,SMB,Referral,775.78
2024-05-24,Self-serve,Organic,1605.29
2024-05-24,Self-serve,Paid,1128.32
2024-05-24,Self-serve,Referral,469.31
2024-05-25,Enterprise,Organic,2655.17
2024-05-25,Enterprise,Paid,1948.03
2024-05-25,Enterprise,Referral,892.43
2024-05-25,SMB,Organic,2045.23
2024-05-25,SMB,Paid,1545.54
2024-05-25,SMB,Referral,645.66
2024-05-25,Self-serve,Organic,1305.73
2024-05-25,Self-serve,Paid,874.40
2024-05-25,Self-serve,Referral,387.12
2024-05-26,Enterprise,Organic,2921.53
2024-05-26,Enterprise,Paid,2121.74
2024-05-26,Enterprise,Referral,856.59
2024-05-26,SMB,Organic,2259.61
2024-05-26,SMB,Paid,1494.40
2024-05-26,SMB,Referral,694.26
2024-05-26,Self-serve,Organic,1247.67
2024-05-26,Self-serve,Paid,878.72
2024-05-26,Self-serve,Referral,382.78
2024-05-27,Enterprise,Organic,3525.50
2024-05-27,Enterprise,Paid,2607.02
2024-05-27,Enterprise,Referral,1141.89
2024-05-27,SMB,Organic,2902.23
2024-05-27,SMB,Paid,1917.87
2024-05-27,SMB,Referral,859.88
2024-05-27,Self-serve,Organic,1680.56
2024-05-27,Self-serve,Paid,1085.94
2024-05-27,Self-serve,Referral,477.29
2024-05-28,Enterprise,Organic,3801.66
2024-05-28,Enterprise,Paid,2613.99
2024-05-28,Enterprise,Referral,1125.01
2024-05-28,SMB,Organic,3041.81
2024-05-28,SMB,Paid,2045.11
2024-05-28,SMB,Referral,881.38
2024-05-28,Self-serve,Organic,1780.22
2024-05-28,Self-serve,Paid,1145.04
2024-05-28,Self-serve,Referral,482.08
2024-05-29,Enterprise,Organic,3687.61
2024-05-29,Enterprise,Paid,2582.18
2024-05-29,Enterprise,Referral,1075.01
2024-05-29,SMB,Organic,2744.09
2024-05-29,SMB,Paid,2119.62
2024-05-29,SMB,Referral,857.87
2024-05-29,Self-serve,Organic,1582.62
2024-05-29,Self-serve,Paid,1163.84
2024-05-29,Self-serve,Referral,483.86
2024-05-30,Enterprise,Organic,3618.45
2024-05-30,Enterprise,Paid,2595.33
2024-05-30,Enterprise,Referral,1051.44
2024-05-30,SMB,Organic,2865.86
2024-05-30,SMB,Paid,2099.03
2024-05-30,SMB,Referral,862.66
2024-05-30,Self-serve,Organic,1602.20
2024-05-30,Self-serve,Paid,1117.09
2024-05-30,Self-serve,Referral,480.16
2024-05-31,Enterprise,Organic,3555.15
2024-05-31,Enterprise,Paid,2479.29
2024-05-31,Enterprise,Referral,1104.28
2024-05-31,SMB,Organic,2641.47
2024-05-31,SMB,Paid,2000.88
2024-05-31,SMB,Referral,826.38
2024-05-31,Self-serve,Organic,1610.20
2024-05-31,Self-serve,Paid,1076.86
2024-05-31,Self-serve,Referral,496.70
2024-06-01,Enterprise,Organic,3005.94
2024-06-01,Enterprise,Paid,2086.75
2024-06-01,Enterprise,Referral,829.79
2024-06-01,SMB,Organic,2309.79
2024-06-01,SMB,Paid,1596.77
2024-06-01,SMB,Referral,643.56
2024-06-01,Self-serve,Organic,1286.91
2024-06-01,Self-serve,Paid,911.35
2024-06-01,Self-serve,Referral,392.80
2024-06-02,Enterprise,Organic,2917.23
2024-06-02,Enterprise,Paid,2049.01
2024-06-02,Enterprise,Referral,909.02
2024-06-02,SMB,Organic,2339.97
2024-06-02,SMB,Paid,1443.98
2024-06-02,SMB,Referral,670.64
2024-06-02,Self-serve,Organic,1283.32
2024-06-02,Self-serve,Paid,855.33
2024-06-02,Self-serve,Referral,388.00
2024-06-03,Enterprise,Organic,3876.18
2024-06-03,Enterprise,Paid,2530.09
2024-06-03,Enterprise,Referral,1132.17
2024-06-03,SMB,Organic,2826.10
2024-06-03,SMB,Paid,1993.15
2024-06-03,SMB,Referral,910.42
2024-06-03,Self-serve,Organic,1633.51
2024-06-03,Self-serve,Paid,1178.49
2024-06-03,Self-serve,Referral,470.20
2024-06-04,Enterprise,Organic,3950.57
2024-06-04,Enterprise,Paid,2666.43
2024-06-04,Enterprise,Referral,1116.31
2024-06-04,SMB,Organic,2960.33
2024-06-04,SMB,Paid,1950.90
2024-06-04,SMB,Referral,904.00
2024-06-04,Self-serve,Organic,1646.74
2024-06-04,Self-serve,Paid,1156.91
2024-06-04,Self-serve,Referral,491.51
2024-06-05,Enterprise,Organic,3613.41
2024-06-05,Enterprise,Paid,2627.88
2024-06-05,Enterprise,Referral,1111.71
2024-06-05,SMB,Organic,2916.18
2024-06-05,SMB,Paid,2001.65
2024-06-05,SMB,Referral,871.29
2024-06-05,Self-serve,Organic,1613.90
2024-06-05,Self-serve,Paid,1220.63
2024-06-05,Self-serve,Referral,467.27
2024-06-06,Enterprise,Organic,3822.01
2024-06-06,Enterprise,Paid,2683.68
2024-06-06,Enterprise,Referral,1076.57
2024-06-06,SMB,Organic,3055.88
2024-06-06,SMB,Paid,2064.91
2024-06-06,SMB,Referral,884.33
2024-06-06,Self-serve,Organic,1638.13
2024-06-06,Self-serve,Paid,1138.26
2024-06-06,Self-serve,Referral,487.94
2024-06-07,Enterprise,Organic,3660.74
2024-06-07,Enterprise,Paid,2639.31
2024-06-07,Enterprise,Referral,1091.41
2024-06-07,SMB,Organic,2737.32
2024-06-07,SMB,Paid,2018.71
2024-06-07,SMB,Referral,867.61
2024-06-07,Self-serve,Organic,1639.74
2024-06-07,Self-serve,Paid,1150.88
2024-06-07,Self-serve,Referral,478.52
2024-06-08,Enterprise,Organic,2845.09
2024-06-08,Enterprise,Paid,1995.30
2024-06-08,Enterprise,Referral,834.92
2024-06-08,SMB,Organic,2292.47
2024-06-08,SMB,Paid,1589.41
2024-06-08,SMB,Referral,673.87
2024-06-08,Self-serve,Organic,1185.40
2024-06-08,Self-serve,Paid,876.44
2024-06-08,Self-serve,Referral,403.34
2024-06-09,Enterprise,Organic,2872.36
2024-06-09,Enterprise,Paid,2073.75
2024-06-09,Enterprise,Referral,842.56
2024-06-09,SMB,Organic,2377.89
2024-06-09,SMB,Paid,1588.76
2024-06-09,SMB,Referral,689.80
2024-06-09,Self-serve,Organic,1393.46
2024-06-09,Self-serve,Paid,953.28
2024-06-09,Self-serve,Referral,387.18
2024-06-10,Enterprise,Organic,3706.34
2024-06-10,Enterprise,Paid,2615.65
2024-06-10,Enterprise,Referral,1149.36
2024-06-10,SMB,Organic,2925.67
2024-06-10,SMB,Paid,2030.10
2024-06-10,SMB,Referral,919.24
2024-06-10,Self-serve,Organic,1671.36
2024-06-10,Self-serve,Paid,1254.96
2024-06-10,Self-serve,Referral,504.50
2024-06-11,Enterprise,Organic,3981.21
2024-06-11,Enterprise,Paid,2673.53
2024-06-11,Enterprise,Referral,1166.39
2024-06-11,SMB,Organic,2875.19
2024-06-11,SMB,Paid,2004.66
2024-06-11,SMB,Referral,893.88
2024-06-11,Self-serve,Organic,1729.28
2024-06-11,Self-serve,Paid,1177.05
2024-06-11,Self-serve,Referral,484.40
2024-06-12,Enterprise,Organic,3562.50
2024-06-12,Enterprise,Paid,2488.54
2024-06-12,Enterprise,Referral,1055.13
2024-06-12,SMB,Organic,2898.21
2024-06-12,SMB,Paid,2090.35
2024-06-12,SMB,Referral,866.27
2024-06-12,Self-serve,Organic,1538.76
2024-06-12,Self-serve,Paid,1148.87
2024-06-12,Self-serve,Referral,492.79
2024-06-13,Enterprise,Organic,3953.16
2024-06-13,Enterprise,Paid,2489.70
2024-06-13,Enterprise,Referral,1102.71
2024-06-13,SMB,Organic,3040.82
2024-06-13,SMB,Paid,2052.28
2024-06-13,SMB,Referral,882.50
2024-06-13,Self-serve,Organic,1658.70
2024-06-13,Self-serve,Paid,1168.57
2024-06-13,Self-serve,Referral,507.47
2024-06-14,Enterprise,Organic,3565.50
2024-06-14,Enterprise,Paid,2625.35
2024-06-14,Enterprise,Referral,1051.12
2024-06-14,SMB,Organic,2870.19
2024-06-14,SMB,Paid,2000.20
2024-06-14,SMB,Referral,836.89
2024-06-14,Self-serve,Organic,1623.00
2024-06-14,Self-serve,Paid,1115.64
2024-06-14,Self-serve,Referral,471.57
2024-06-15,Enterprise,Organic,2924.29
2024-06-15,Enterprise,Paid,2000.43
2024-06-15,Enterprise,Referral,895.28
2024-06-15,SMB,Organic,2219.52
2024-06-15,SMB,Paid,1643.56
2024-06-15,SMB,Referral,665.21
2024-06-15,Self-serve,Organic,1291.30
2024-06-15,Self-serve,Paid,902.30
2024-06-15,Self-serve,Referral,409.75
2024-06-16,Enterprise,Organic,2989.12
2024-06-16,Enterprise,Paid,2058.69
2024-06-16,Enterprise,Referral,901.22
2024-06-16,SMB,Organic,2156.53
2024-06-16,SMB,Paid,1609.36
2024-06-16,SMB,Referral,732.00
2024-06-16,Self-serve,Organic,1320.69
2024-06-16,Self-serve,Paid,922.70
2024-06-16,Self-serve,Referral,401.13
2024-06-17,Enterprise,Organic,3913.16
2024-06-17,Enterprise,Paid,2507.69
2024-06-17,Enterprise,Referral,1085.53
2024-06-17,SMB,Organic,2982.63
2024-06-17,SMB,Paid,2030.26
2024-06-17,SMB,Referral,924.18
2024-06-17,Self-serve,Organic,1677.66
2024-06-17,Self-serve,Paid,1116.77
2024-06-17,Self-serve,Referral,488.77
2024-06-18,Enterprise,Organic,3501.31
2024-06-18,Enterprise,Paid,2652.51
2024-06-18,Enterprise,Referral,1138.36
2024-06-18,SMB,Organic,2930.28
2024-06-18,SMB,Paid,2144.90
2024-06-18,SMB,Referral,922.44
2024-06-18,Self-serve,Organic,1687.37
2024-06-18,Self-serve,Paid,1111.20
2024-06-18,Self-serve,Referral,518.24
2024-06-19,Enterprise,Organic,3813.15
2024-06-19,Enterprise,Paid,2649.83
2024-06-19,Enterprise,Referral,1158.33
2024-06-19,SMB,Organic,2815.24
2024-06-19,SMB,Paid,2165.08
2024-06-19,SMB,Referral,849.96
2024-06-19,Self-serve,Organic,1704.43
2024-06-19,Self-serve,Paid,1107.80
2024-06-19,Self-serve,Referral,486.13
2024-06-20,Enterprise,Organic,3926.74
2024-06-20,Enterprise,Paid,2608.54
2024-06-20,Enterprise,Referral,1155.16
2024-06-20,SMB,Organic,2942.01
2024-06-20,SMB,Paid,2038.43
2024-06-20,SMB,Referral,912.23
2024-06-20,Self-serve,Organic,1657.43
2024-06-20,Self-serve,Paid,1106.07
2024-06-20,Self-serve,Referral,488.72
2024-06-21,Enterprise,Organic,3751.17
2024-06-21,Enterprise,Paid,2613.75
2024-06-21,Enterprise,Referral,1055.00
2024-06-21,SMB,Organic,2807.75
2024-06-21,SMB,Paid,1974.02
2024-06-21,SMB,Referral,851.59
2024-06-21,Self-serve,Organic,1572.37
2024-06-21,Self-serve,Paid,1126.40
2024-06-21,Self-serve,Referral,481.27
2024-06-22,Enterprise,Organic,3053.73
2024-06-22,Enterprise,Paid,2139.97
2024-06-22,Enterprise,Referral,891.48
2024-06-22,SMB,Organic,2294.09
2024-06-22,SMB,Paid,1631.80
2024-06-22,SMB,Referral,679.36
2024-06-22,Self-serve,Organic,1280.87
2024-06-22,Self-serve,Paid,902.37
2024-06-22,Self-serve,Referral,390.37
2024-06-23,Enterprise,Organic,2884.47
2024-06-23,Enterprise,Paid,2102.32
2024-06-23,Enterprise,Referral,916.27
2024-06-23,SMB,Organic,2213.93
2024-06-23,SMB,Paid,1628.46
2024-06-23,SMB,Referral,692.78
2024-06-23,Self-serve,Organic,1341.96
2024-06-23,Self-serve,Paid,929.48
2024-06-23,Self-serve,Referral,381.13
2024-06-24,Enterprise,Organic,3702.32
2024-06-24,Enterprise,Paid,2696.02
2024-06-24,Enterprise,Referral,1190.05
2024-06-24,SMB,Organic,2794.12
2024-06-24,SMB,Paid,2116.78
2024-06-24,SMB,Referral,929.92
2024-06-24,Self-serve,Organic,1702.40
2024-06-24,Self-serve,Paid,1216.93
2024-06-24,Self-serve,Referral,502.25
2024-06-25,Enterprise,Organic,3839.58
2024-06-25,Enterprise,Paid,2566.20
2024-06-25,Enterprise,Referral,1074.71
2024-06-25,SMB,Organic,3081.84
2024-06-25,SMB,Paid,2035.96
2024-06-25,SMB,Referral,886.83
2024-06-25,Self-serve,Organic,1641.38
2024-06-25,Self-serve,Paid,1148.12
2024-06-25,Self-serve,Referral,511.10
2024-06-26,Enterprise,Organic,3704.36
2024-06-26,Enterprise,Paid,2681.14
2024-06-26,Enterprise,Referral,1151.60
2024-06-26,SMB,Organic,2973.99
2024-06-26,SMB,Paid,2076.71
2024-06-26,SMB,Referral,925.52
2024-06-26,Self-serve,Organic,1629.31
2024-06-26,Self-serve,Paid,1176.31
2024-06-26,Self-serve,Referral,522.13
2024-06-27,Enterprise,Organic,3936.35
2024-06-27,Enterprise,Paid,2541.50
2024-06-27,Enterprise,Referral,1127.08
2024-06-27,SMB,Organic,3069.89
2024-06-27,SMB,Paid,2096.27
2024-06-27,SMB,Referral,890.09
2024-06-27,Self-serve,Organic,1674.54
2024-06-27,Self-serve,Paid,1166.30
2024-06-27,Self-serve,Referral,510.04
2024-06-28,Enterprise,Organic,3697.84
2024-06-28,Enterprise,Paid,2604.90
2024-06-28,Enterprise,Referral,1120.45
2024-06-28,SMB,Organic,2839.09
2024-06-28,SMB,Paid,2061.01
2024-06-28,SMB,Referral,945.42
2024-06-28,Self-serve,Organic,1567.74
2024-06-28,Self-serve,Paid,1170.48
2024-06-28,Self-serve,Referral,485.48
2024-06-29,Enterprise,Organic,3065.85
2024-06-29,Enterprise,Paid,2112.50
2024-06-29,Enterprise,Referral,924.76
2024-06-29,SMB,Organic,2426.60
2024-06-29,SMB,Paid,1650.23
2024-06-29,SMB,Referral,727.06
2024-06-29,Self-serve,Organic,1245.20
2024-06-29,Self-serve,Paid,982.31
2024-06-29,Self-serve,Referral,406.34
2024-06-30,Enterprise,Organic,3115.37
2024-06-30,Enterprise,Paid,2035.14
2024-06-30,Enterprise,Referral,882.77
2024-06-30,SMB,Organic,2357.44
2024-06-30,SMB,Paid,1642.18
2024-06-30,SMB,Referral,710.13
2024-06-30,Self-serve,Organic,1384.88
2024-06-30,Self-serve,Paid,889.15
2024-06-30,Self-serve,Referral,414.13
2024-07-01,Enterprise,Organic,3886.30
2024-07-01,Enterprise,Paid,2703.11
2024-07-01,Enterprise,Referral,1114.16
2024-07-01,SMB,Organic,3067.53
2024-07-01,SMB,Paid,1962.15
2024-07-01,SMB,Referral,924.21
2024-07-01,Self-serve,Organic,1649.52
2024-07-01,Self-serve,Paid,1210.71
2024-07-01,Self-serve,Referral,516.19
2024-07-02,Enterprise,Organic,4027.17
2024-07-02,Enterprise,Paid,2708.87
2024-07-02,Enterprise,Referral,1142.89
2024-07-02,SMB,Organic,2980.08
2024-07-02,SMB,Paid,2199.14
2024-07-02,SMB,Referral,922.43
2024-07-02,Self-serve,Organic,1709.18
2024-07-02,Self-serve,Paid,1201.84
2024-07-02,Self-serve,Referral,494.37
2024-07-03,Enterprise,Organic,3868.41
2024-07-03,Enterprise,Paid,2535.37
2024-07-03,Enterprise,Referral,1173.03
2024-07-03,SMB,Organic,2985.57
2024-07-03,SMB,Paid,2230.95
2024-07-03,SMB,Referral,862.78
2024-07-03,Self-serve,Organic,1694.25
2024-07-03,Self-serve,Paid,1253.82
2024-07-03,Self-serve,Referral,528.07
2024-07-04,Enterprise,Organic,3749.09
2024-07-04,Enterprise,Paid,2698.36
2024-07-04,Enterprise,Referral,1148.79
2024-07-04,SMB,Organic,3003.36
2024-07-04,SMB,Paid,2041.02
2024-07-04,SMB,Referral,891.06
2024-07-04,Self-serve,Organic,1620.22
2024-07-04,Self-serve,Paid,1196.09
2024-07-04,Self-serve,Referral,517.44
2024-07-05,Enterprise,Organic,3736.28
2024-07-05,Enterprise,Paid,2505.77
2024-07-05,Enterprise,Referral,1162.05
2024-07-05,SMB,Organic,2957.96
2024-07-05,SMB,Paid,2003.56
2024-07-05,SMB,Referral,870.40
2024-07-05,Self-serve,Organic,1596.71
2024-07-05,Self-serve,Paid,1134.38
2024-07-05,Self-serve,Referral,493.50
2024-07-06,Enterprise,Organic,3154.77
2024-07-06,Enterprise,Paid,2088.99
2024-07-06,Enterprise,Referral,930.32
2024-07-06,SMB,Organic,2328.28
2024-07-06,SMB,Paid,1668.87
2024-07-06,SMB,Referral,706.94
2024-07-06,Self-serve,Organic,1387.70
2024-07-06,Self-serve,Paid,931.41
2024-07-06,Self-serve,Referral,386.55
2024-07-07,Enterprise,Organic,2920.47
2024-07-07,Enterprise,Paid,2098.72
2024-07-07,Enterprise,Referral,879.78
2024-07-07,SMB,Organic,2398.88
2024-07-07,SMB,Paid,1635.63
2024-07-07,SMB,Referral,761.56
2024-07-07,Self-serve,Organic,1283.53
2024-07-07,Self-serve,Paid,953.68
2024-07-07,Self-serve,Referral,392.49
2024-07-08,Enterprise,Organic,3864.56
2024-07-08,Enterprise,Paid,2757.48
2024-07-08,Enterprise,Referral,1094.69
2024-07-08,SMB,Organic,3072.60
2024-07-08,SMB,Paid,2257.57
2024-07-08,SMB,Referral,902.83
2024-07-08,Self-serve,Organic,1756.97
2024-07-08,Self-serve,Paid,1257.89
2024-07-08,Self-serve,Referral,520.44
2024-07-09,Enterprise,Organic,3859.49
2024-07-09,Enterprise,Paid,2561.84
2024-07-09,Enterprise,Referral,1201.04
2024-07-09,SMB,Organic,3044.70
2024-07-09,SMB,Paid,2073.58
2024-07-09,SMB,Referral,920.00
2024-07-09,Self-serve,Organic,1715.18
2024-07-09,Self-serve,Paid,1202.65
2024-07-09,Self-serve,Referral,533.25
2024-07-10,Enterprise,Organic,3705.43
2024-07-10,Enterprise,Paid,2787.21
2024-07-10,Enterprise,Referral,1109.57
2024-07-10,SMB,Organic,2942.86
2024-07-10,SMB,Paid,2223.04
2024-07-10,SMB,Referral,931.23
2024-07-10,Self-serve,Organic,1720.77
2024-07-10,Self-serve,Paid,1167.14
2024-07-10,Self-serve,Referral,506.55
2024-07-11,Enterprise,Organic,3874.16
2024-07-11,Enterprise,Paid,2709.01
2024-07-11,Enterprise,Referral,1156.54
2024-07-11,SMB,Organic,3003.84
2024-07-11,SMB,Paid,2091.10
2024-07-11,SMB,Referral,862.97
2024-07-11,Self-serve,Organic,1691.45
2024-07-11,Self-serve,Paid,1235.65
2024-07-11,Self-serve,Referral,494.26
2024-07-12,Enterprise,Organic,3776.25
2024-07-12,Enterprise,Paid,2593.12
2024-07-12,Enterprise,Referral,1143.16
2024-07-12,SMB,Organic,2919.45
2024-07-12,SMB,Paid,2159.36
2024-07-12,SMB,Referral,899.63
2024-07-12,Self-serve,Organic,1621.51
2024-07-12,Self-serve,Paid,1205.35
2024-07-12,Self-serve,Referral,494.61
2024-07-13,Enterprise,Organic,3018.47
2024-07-13,Enterprise,Paid,2170.39
2024-07-13,Enterprise,Referral,907.90
2024-07-13,SMB,Organic,2453.04
2024-07-13,SMB,Paid,1633.48
2024-07-13,SMB,Referral,703.41
2024-07-13,Self-serve,Organic,1338.29
2024-07-13,Self-serve,Paid,939.40
2024-07-13,Self-serve,Referral,423.06
2024-07-14,Enterprise,Organic,3133.80
2024-07-14,Enterprise,Paid,2263.49
2024-07-14,Enterprise,Referral,985.51
2024-07-14,SMB,Organic,2318.30
2024-07-14,SMB,Paid,1678.13
2024-07-14,SMB,Referral,692.36
2024-07-14,Self-serve,Organic,1335.12
2024-07-14,Self-serve,Paid,938.82
2024-07-14,Self-serve,Referral,397.10
2024-07-15,Enterprise,Organic,3834.94
2024-07-15,Enterprise,Paid,2759.93
2024-07-15,Enterprise,Referral,1144.61
2024-07-15,SMB,Organic,3157.73
2024-07-15,SMB,Paid,2096.59
2024-07-15,SMB,Referral,1001.86
2024-07-15,Self-serve,Organic,1736.12
2024-07-15,Self-serve,Paid,1234.63
2024-07-15,Self-serve,Referral,507.47
2024-07-16,Enterprise,Organic,4168.18
2024-07-16,Enterprise,Paid,2868.88
2024-07-16,Enterprise,Referral,1200.16
2024-07-16,SMB,Organic,2959.46
2024-07-16,SMB,Paid,2172.49
2024-07-16,SMB,Referral,894.09
2024-07-16,Self-serve,Organic,1839.64
2024-07-16,Self-serve,Paid,1263.57
2024-07-16,Self-serve,Referral,530.21
2024-07-17,Enterprise,Organic,3612.19
2024-07-17,Enterprise,Paid,2647.44
2024-07-17,Enterprise,Referral,1193.23
2024-07-17,SMB,Organic,3141.31
2024-07-17,SMB,Paid,2192.31
2024-07-17,SMB,Referral,865.88
2024-07-17,Self-serve,Organic,1747.68
2024-07-17,Self-serve,Paid,1249.34
2024-07-17,Self-serve,Referral,493.75
2024-07-18,Enterprise,Organic,3901.33
2024-07-18,Enterprise,Paid,2754.02
2024-07-18,Enterprise,Referral,1160.11
2024-07-18,SMB,Organic,2866.44
2024-07-18,SMB,Paid,2103.80
2024-07-18,SMB,Referral,901.58
2024-07-18,Self-serve,Organic,1726.63
2024-07-18,Self-serve,Paid,1193.51
2024-07-18,Self-serve,Referral,513.39
2024-07-19,Enterprise,Organic,3829.19
2024-07-19,Enterprise,Paid,2719.25
2024-07-19,Enterprise,Referral,1139.62
2024-07-19,SMB,Organic,2945.16
2024-07-19,SMB,Paid,2093.05
2024-07-19,SMB,Referral,842.99
2024-07-19,Self-serve,Organic,1728.27
2024-07-19,Self-serve,Paid,1192.70
2024-07-19,Self-serve,Referral,511.78
2024-07-20,Enterprise,Organic,3190.00
2024-07-20,Enterprise,Paid,2043.29
2024-07-20,Enterprise,Referral,875.11
2024-07-20,SMB,Organic,2431.41
2024-07-20,SMB,Paid,1687.76
2024-07-20,SMB,Referral,727.18
2024-07-20,Self-serve,Organic,1358.96
2024-07-20,Self-serve,Paid,983.87
2024-07-20,Self-serve,Referral,424.99
2024-07-21,Enterprise,Organic,3149.86
2024-07-21,Enterprise,Paid,2156.34
2024-07-21,Enterprise,Referral,872.54
2024-07-21,SMB,Organic,2470.55
2024-07-21,SMB,Paid,1752.33
2024-07-21,SMB,Referral,738.46
2024-07-21,Self-serve,Organic,1343.49
2024-07-21,Self-serve,Paid,985.46
2024-07-21,Self-serve,Referral,424.66
2024-07-22,Enterprise,Organic,4184.11
2024-07-22,Enterprise,Paid,2724.49
2024-07-22,Enterprise,Referral,1191.01
2024-07-22,SMB,Organic,3178.62
2024-07-22,SMB,Paid,2179.99
2024-07-22,SMB,Referral,901.41
2024-07-22,Self-serve,Organic,1798.62
2024-07-22,Self-serve,Paid,1265.16
2024-07-22,Self-serve,Referral,534.36
2024-07-23,Enterprise,Organic,4028.88
2024-07-23,Enterprise,Paid,2780.01
2024-07-23,Enterprise,Referral,1254.00
2024-07-23,SMB,Organic,3028.95
2024-07-23,SMB,Paid,2140.75
2024-07-23,SMB,Referral,934.23
2024-07-23,Self-serve,Organic,1825.80
2024-07-23,Self-serve,Paid,1189.29
2024-07-23,Self-serve,Referral,512.69
2024-07-24,Enterprise,Organic,3693.15
2024-07-24,Enterprise,Paid,2756.23
2024-07-24,Enterprise,Referral,1140.49
2024-07-24,SMB,Organic,3024.18
2024-07-24,SMB,Paid,2184.13
2024-07-24,SMB,Referral,900.18
2024-07-24,Self-serve,Organic,1760.40
2024-07-24,Self-serve,Paid,1212.80
2024-07-24,Self-serve,Referral,535.06
2024-07-25,Enterprise,Organic,3994.99
2024-07-25,Enterprise,Paid,2699.96
2024-07-25,Enterprise,Referral,1175.67
2024-07-25,SMB,Organic,3159.47
2024-07-25,SMB,Paid,2169.79
2024-07-25,SMB,Referral,880.55
2024-07-25,Self-serve,Organic,1785.03
2024-07-25,Self-serve,Paid,1185.55
2024-07-25,Self-serve,Referral,547.43
2024-07-26,Enterprise,Organic,3988.54
2024-07-26,Enterprise,Paid,2732.32
2024-07-26,Enterprise,Referral,1166.37
2024-07-26,SMB,Organic,2990.86
2024-07-26,SMB,Paid,2149.70
2024-07-26,SMB,Referral,892.88
2024-07-26,Self-serve,Organic,1732.00
2024-07-26,Self-serve,Paid,1235.38
2024-07-26,Self-serve,Referral,507.26
2024-07-27,Enterprise,Organic,3071.78
2024-07-27,Enterprise,Paid,2112.25
2024-07-27,Enterprise,Referral,908.91
2024-07-27,SMB,Organic,2300.64
2024-07-27,SMB,Paid,1741.22
2024-07-27,SMB,Referral,769.88
2024-07-27,Self-serve,Organic,1450.42
2024-07-27,Self-serve,Paid,926.17
2024-07-27,Self-serve,Referral,426.36
2024-07-28,Enterprise,Organic,3267.47
2024-07-28,Enterprise,Paid,2163.58
2024-07-28,Enterprise,Referral,942.99
2024-07-28,SMB,Organic,2290.56
2024-07-28,SMB,Paid,1719.82
2024-07-28,SMB,Referral,707.88
2024-07-28,Self-serve,Organic,1401.13
2024-07-28,Self-serve,Paid,929.29
2024-07-28,Self-serve,Referral,424.64
2024-07-29,Enterprise,Organic,4158.47
2024-07-29,Enterprise,Paid,2757.77
2024-07-29,Enterprise,Referral,1169.06
2024-07-29,SMB,Organic,2934.96
2024-07-29,SMB,Paid,2178.99
2024-07-29,SMB,Referral,924.95
2024-07-29,Self-serve,Organic,1709.66
2024-07-29,Self-serve,Paid,1272.23
2024-07-29,Self-serve,Referral,530.67
2024-07-30,Enterprise,Organic,3909.42
2024-07-30,Enterprise,Paid,2780.81
2024-07-30,Enterprise,Referral,1250.89
2024-07-30,SMB,Organic,3198.89
2024-07-30,SMB,Paid,2190.86
2024-07-30,SMB,Referral,960.13
2024-07-30,Self-serve,Organic,1732.93
2024-07-30,Self-serve,Paid,1258.04
2024-07-30,Self-serve,Referral,541.02
2024-07-31,Enterprise,Organic,3914.25
2024-07-31,Enterprise,Paid,2815.45
2024-07-31,Enterprise,Referral,1163.18
2024-07-31,SMB,Organic,3135.17
2024-07-31,SMB,Paid,2197.34
2024-07-31,SMB,Referral,845.31
2024-07-31,Self-serve,Organic,1827.55
2024-07-31,Self-serve,Paid,1122.25
2024-07-31,Self-serve,Referral,519.58
2024-08-01,Enterprise,Organic,4097.72
2024-08-01,Enterprise,Paid,2756.32
2024-08-01,Enterprise,Referral,1140.17
2024-08-01,SMB,Organic,2990.55
2024-08-01,SMB,Paid,2231.08
2024-08-01,SMB,Referral,874.13
2024-08-01,Self-serve,Organic,1826.70
2024-08-01,Self-serve,Paid,1234.76
2024-08-01,Self-serve,Referral,511.10
2024-08-02,Enterprise,Organic,3837.23
2024-08-02,Enterprise,Paid,2650.46
2024-08-02,Enterprise,Referral,1202.11
2024-08-02,SMB,Organic,3104.40
2024-08-02,SMB,Paid,2016.69
2024-08-02,SMB,Referral,900.26
2024-08-02,Self-serve,Organic,1690.85
2024-08-02,Self-serve,Paid,1262.21
2024-08-02,Self-serve,Referral,499.65
2024-08-03,Enterprise,Organic,3310.65
2024-08-03,Enterprise,Paid,2208.83
2024-08-03,Enterprise,Referral,914.56
2024-08-03,SMB,Organic,2406.80
2024-08-03,SMB,Paid,1678.34
2024-08-03,SMB,Referral,708.83
2024-08-03,Self-serve,Organic,1407.83
2024-08-03,Self-serve,Paid,946.49
2024-08-03,Self-serve,Referral,393.60
2024-08-04,Enterprise,Organic,3126.75
2024-08-04,Enterprise,Paid,2094.20
2024-08-04,Enterprise,Referral,927.42
2024-08-04,SMB,Organic,2392.84
2024-08-04,SMB,Paid,1676.95
2024-08-04,SMB,Referral,782.28
2024-08-04,Self-serve,Organic,1408.06
2024-08-04,Self-serve,Paid,991.22
2024-08-04,Self-serve,Referral,399.23
2024-08-05,Enterprise,Organic,3991.86
2024-08-05,Enterprise,Paid,2868.63
2024-08-05,Enterprise,Referral,1183.98
2024-08-05,SMB,Organic,3253.19
2024-08-05,SMB,Paid,2136.85
2024-08-05,SMB,Referral,941.91
2024-08-05,Self-serve,Organic,1777.85
2024-08-05,Self-serve,Paid,1273.01
2024-08-05,Self-serve,Referral,532.47
2024-08-06,Enterprise,Organic,4043.94
2024-08-06,Enterprise,Paid,2833.73
2024-08-06,Enterprise,Referral,1196.17
2024-08-06,SMB,Organic,3217.21
2024-08-06,SMB,Paid,2235.62
2024-08-06,SMB,Referral,948.79
2024-08-06,Self-serve,Organic,1788.63
2024-08-06,Self-serve,Paid,1298.73
2024-08-06,Self-serve,Referral,539.76
2024-08-07,Enterprise,Organic,3969.93
2024-08-07,Enterprise,Paid,2813.57
2024-08-07,Enterprise,Referral,1263.22
2024-08-07,SMB,Organic,2991.09
2024-08-07,SMB,Paid,2231.86
2024-08-07,SMB,Referral,881.82
2024-08-07,Self-serve,Organic,1792.41
2024-08-07,Self-serve,Paid,1305.46
2024-08-07,Self-serve,Referral,542.07
2024-08-08,Enterprise,Organic,4032.56
2024-08-08,Enterprise,Paid,2761.20
2024-08-08,Enterprise,Referral,1204.73
2024-08-08,SMB,Organic,3096.87
2024-08-08,SMB,Paid,2132.82
2024-08-08,SMB,Referral,928.00
2024-08-08,Self-serve,Organic,1793.74
2024-08-08,Self-serve,Paid,1219.46
2024-08-08,Self-serve,Referral,522.00
2024-08-09,Enterprise,Organic,3780.62
2024-08-09,Enterprise,Paid,2791.36
2024-08-09,Enterprise,Referral,1201.78
2024-08-09,SMB,Organic,3086.88
2024-08-09,SMB,Paid,2208.04
2024-08-09,SMB,Referral,922.10
2024-08-09,Self-serve,Organic,1772.36
2024-08-09,Self-serve,Paid,1237.41
2024-08-09,Self-serve,Referral,524.08
2024-08-10,Enterprise,Organic,3136.87
2024-08-10,Enterprise,Paid,2379.55
2024-08-10,Enterprise,Referral,943.32
2024-08-10,SMB,Organic,2429.74
2024-08-10,SMB,Paid,1758.08
2024-08-10,SMB,Referral,749.40
2024-08-10,Self-serve,Organic,1357.02
2024-08-10,Self-serve,Paid,1025.11
2024-08-10,Self-serve,Referral,423.82
2024-08-11,Enterprise,Organic,3085.39
2024-08-11,Enterprise,Paid,2313.92
2024-08-11,Enterprise,Referral,975.50
2024-08-11,SMB,Organic,2388.31
2024-08-11,SMB,Paid,1830.39
2024-08-11,SMB,Referral,759.47
2024-08-11,Self-serve,Organic,1418.13
2024-08-11,Self-serve,Paid,1040.37
2024-08-11,Self-serve,Referral,427.60
2024-08-12,Enterprise,Organic,4105.57
2024-08-12,Enterprise,Paid,2819.34
2024-08-12,Enterprise,Referral,1254.23
2024-08-12,SMB,Organic,3241.61
2024-08-12,SMB,Paid,2238.12
2024-08-12,SMB,Referral,936.05
2024-08-12,Self-serve,Organic,1833.35
2024-08-12,Self-serve,Paid,1275.69
2024-08-12,Self-serve,Referral,525.95
2024-08-13,Enterprise,Organic,3932.69
2024-08-13,Enterprise,Paid,2928.88
2024-08-13,Enterprise,Referral,1137.96
2024-08-13,SMB,Organic,3219.77
2024-08-13,SMB,Paid,2207.91
2024-08-13,SMB,Referral,997.69
2024-08-13,Self-serve,Organic,1801.53
2024-08-13,Self-serve,Paid,1305.35
2024-08-13,Self-serve,Referral,542.05
2024-08-14,Enterprise,Organic,4057.19
2024-08-14,Enterprise,Paid,2892.94
2024-08-14,Enterprise,Referral,1196.18
2024-08-14,SMB,Organic,3238.88
2024-08-14,SMB,Paid,2135.78
2024-08-14,SMB,Referral,951.80
2024-08-14,Self-serve,Organic,1846.80
2024-08-14,Self-serve,Paid,1282.85
2024-08-14,Self-serve,Referral,570.11
2024-08-15,Enterprise,Organic,3955.89
2024-08-15,Enterprise,Paid,2716.78
2024-08-15,Enterprise,Referral,1178.35
2024-08-15,SMB,Organic,3211.32
2024-08-15,SMB,Paid,2237.17
2024-08-15,SMB,Referral,947.58
2024-08-15,Self-serve,Organic,1738.77
2024-08-15,Self-serve,Paid,1288.55
2024-08-15,Self-serve,Referral,519.98
2024-08-16,Enterprise,Organic,4115.65
2024-08-16,Enterprise,Paid,3022.82
2024-08-16,Enterprise,Referral,1206.33
2024-08-16,SMB,Organic,3147.62
2024-08-16,SMB,Paid,2133.43
2024-08-16,SMB,Referral,877.65
2024-08-16,Self-serve,Organic,1735.75
2024-08-16,Self-serve,Paid,1196.83
2024-08-16,Self-serve,Referral,507.29
2024-08-17,Enterprise,Organic,3382.83
2024-08-17,Enterprise,Paid,2270.07
2024-08-17,Enterprise,Referral,975.98
2024-08-17,SMB,Organic,2478.63
2024-08-17,SMB,Paid,1742.19
2024-08-17,SMB,Referral,772.26
2024-08-17,Self-serve,Organic,1428.22
2024-08-17,Self-serve,Paid,1016.66
2024-08-17,Self-serve,Referral,426.36
2024-08-18,Enterprise,Organic,3187.71
2024-08-18,Enterprise,Paid,2159.38
2024-08-18,Enterprise,Referral,908.90
2024-08-18,SMB,Organic,2485.38
2024-08-18,SMB,Paid,1756.50
2024-08-18,SMB,Referral,722.52
2024-08-18,Self-serve,Organic,1429.97
2024-08-18,Self-serve,Paid,1003.63
2024-08-18,Self-serve,Referral,401.66
2024-08-19,Enterprise,Organic,4032.48
2024-08-19,Enterprise,Paid,2937.88
2024-08-19,Enterprise,Referral,1258.34
2024-08-19,SMB,Organic,3113.29
2024-08-19,SMB,Paid,2268.17
2024-08-19,SMB,Referral,997.15
2024-08-19,Self-serve,Organic,1885.77
2024-08-19,Self-serve,Paid,1286.28
2024-08-19,Self-serve,Referral,545.08
2024-08-20,Enterprise,Organic,4073.25
2024-08-20,Enterprise,Paid,2946.93
2024-08-20,Enterprise,Referral,1252.78
2024-08-20,SMB,Organic,3290.02
2024-08-20,SMB,Paid,2269.28
2024-08-20,SMB,Referral,992.51
2024-08-20,Self-serve,Organic,1850.41
2024-08-20,Self-serve,Paid,1322.03
2024-08-20,Self-serve,Referral,568.01
2024-08-21,Enterprise,Organic,3981.51
2024-08-21,Enterprise,Paid,2701.07
2024-08-21,Enterprise,Referral,1280.67
2024-08-21,SMB,Organic,3197.75
2024-08-21,SMB,Paid,2107.07
2024-08-21,SMB,Referral,931.61
2024-08-21,Self-serve,Organic,1855.32
2024-08-21,Self-serve,Paid,1258.68
2024-08-21,Self-serve,Referral,535.64
2024-08-22,Enterprise,Organic,4256.90
2024-08-22,Enterprise,Paid,2769.80
2024-08-22,Enterprise,Referral,1196.22
2024-08-22,SMB,Organic,3197.54
2024-08-22,SMB,Paid,2250.22
2024-08-22,SMB,Referral,967.41
2024-08-22,Self-serve,Organic,1865.28
2024-08-22,Self-serve,Paid,1278.53
2024-08-22,Self-serve,Referral,552.69
2024-08-23,Enterprise,Organic,3982.05
2024-08-23,Enterprise,Paid,2814.57
2024-08-23,Enterprise,Referral,1207.86
2024-08-23,SMB,Organic,3141.57
2024-08-23,SMB,Paid,2235.64
2024-08-23,SMB,Referral,952.02
2024-08-23,Self-serve,Organic,1786.04
2024-08-23,Self-serve,Paid,1218.26
2024-08-23,Self-serve,Referral,536.19
2024-08-24,Enterprise,Organic,3242.89
2024-08-24,Enterprise,Paid,2285.10
2024-08-24,Enterprise,Referral,1038.14
2024-08-24,SMB,Organic,2484.71
2024-08-24,SMB,Paid,1789.45
2024-08-24,SMB,Referral,781.59
2024-08-24,Self-serve,Organic,1446.74
2024-08-24,Self-serve,Paid,1080.57
2024-08-24,Self-serve,Referral,427.84
2024-08-25,Enterprise,Organic,3281.36
2024-08-25,Enterprise,Paid,2220.32
2024-08-25,Enterprise,Referral,964.65
2024-08-25,SMB,Organic,2546.47
2024-08-25,SMB,Paid,1814.24
2024-08-25,SMB,Referral,765.54
2024-08-25,Self-serve,Organic,1498.90
2024-08-25,Self-serve,Paid,1008.16
2024-08-25,Self-serve,Referral,428.98
2024-08-26,Enterprise,Organic,4522.97
2024-08-26,Enterprise,Paid,2963.15
2024-08-26,Enterprise,Referral,1227.99
2024-08-26,SMB,Organic,3186.13
2024-08-26,SMB,Paid,2213.32
2024-08-26,SMB,Referral,1003.60
2024-08-26,Self-serve,Organic,1839.05
2024-08-26,Self-serve,Paid,1306.54
2024-08-26,Self-serve,Referral,556.75
2024-08-27,Enterprise,Organic,4280.85
2024-08-27,Enterprise,Paid,2857.76
2024-08-27,Enterprise,Referral,1216.13
2024-08-27,SMB,Organic,3279.97
2024-08-27,SMB,Paid,2321.75
2024-08-27,SMB,Referral,987.17
2024-08-27,Self-serve,Organic,1816.53
2024-08-27,Self-serve,Paid,1329.71
2024-08-27,Self-serve,Referral,546.06
2024-08-28,Enterprise,Organic,4052.17
2024-08-28,Enterprise,Paid,2800.00
2024-08-28,Enterprise,Referral,1283.18
2024-08-28,SMB,Organic,3262.62
2024-08-28,SMB,Paid,2281.92
2024-08-28,SMB,Referral,996.47
2024-08-28,Self-serve,Organic,1983.97
2024-08-28,Self-serve,Paid,1215.04
2024-08-28,Self-serve,Referral,536.72
2024-08-29,Enterprise,Organic,4045.61
2024-08-29,Enterprise,Paid,2811.62
2024-08-29,Enterprise,Referral,1196.57
2024-08-29,SMB,Organic,3177.03
2024-08-29,SMB,Paid,2162.19
2024-08-29,SMB,Referral,971.42
2024-08-29,Self-serve,Organic,1834.75
2024-08-29,Self-serve,Paid,1300.84
2024-08-29,Self-serve,Referral,557.94
2024-08-30,Enterprise,Organic,4122.41
2024-08-30,Enterprise,Paid,2802.66
2024-08-30,Enterprise,Referral,1292.05
2024-08-30,SMB,Organic,3171.50
2024-08-30,SMB,Paid,2081.37
2024-08-30,SMB,Referral,916.39
2024-08-30,Self-serve,Organic,1705.66
2024-08-30,Self-serve,Paid,1260.39
2024-08-30,Self-serve,Referral,537.92
2024-08-31,Enterprise,Organic,3228.60
2024-08-31,Enterprise,Paid,2430.52
2024-08-31,Enterprise,Referral,998.57
2024-08-31,SMB,Organic,2602.41
2024-08-31,SMB,Paid,1733.05
2024-08-31,SMB,Referral,741.18
2024-08-31,Self-serve,Organic,1456.99
2024-08-31,Self-serve,Paid,1024.06
2024-08-31,Self-serve,Referral,412.30
2024-09-01,Enterprise,Organic,3261.03
2024-09-01,Enterprise,Paid,2296.10
2024-09-01,Enterprise,Referral,977.28
2024-09-01,SMB,Organic,2487.92
2024-09-01,SMB,Paid,1756.21
2024-09-01,SMB,Referral,760.99
2024-09-01,Self-serve,Organic,1461.20
2024-09-01,Self-serve,Paid,1038.57
2024-09-01,Self-serve,Referral,451.34
2024-09-02,Enterprise,Organic,4183.60
2024-09-02,Enterprise,Paid,2914.18
2024-09-02,Enterprise,Referral,1282.89
2024-09-02,SMB,Organic,3343.06
2024-09-02,SMB,Paid,2268.10
2024-09-02,SMB,Referral,1008.22
2024-09-02,Self-serve,Organic,1931.07
2024-09-02,Self-serve,Paid,1364.05
2024-09-02,Self-serve,Referral,592.81
2024-09-03,Enterprise,Organic,4116.35
2024-09-03,Enterprise,Paid,2959.58
2024-09-03,Enterprise,Referral,1268.29
2024-09-03,SMB,Organic,3277.38
2024-09-03,SMB,Paid,2256.12
2024-09-03,SMB,Referral,942.17
2024-09-03,Self-serve,Organic,1883.53
2024-09-03,Self-serve,Paid,1284.51
2024-09-03,Self-serve,Referral,564.95
2024-09-04,Enterprise,Organic,4054.23
2024-09-04,Enterprise,Paid,2811.31
2024-09-04,Enterprise,Referral,1254.71
2024-09-04,SMB,Organic,3244.87
2024-09-04,SMB,Paid,2300.46
2024-09-04,SMB,Referral,1032.62
2024-09-04,Self-serve,Organic,1861.21
2024-09-04,Self-serve,Paid,1310.90
2024-09-04,Self-serve,Referral,535.85
2024-09-05,Enterprise,Organic,3997.85
2024-09-05,Enterprise,Paid,3049.10
2024-09-05,Enterprise,Referral,1212.96
2024-09-05,SMB,Organic,3133.01
2024-09-05,SMB,Paid,2261.36
2024-09-05,SMB,Referral,967.67
2024-09-05,Self-serve,Organic,1798.14
2024-09-05,Self-serve,Paid,1281.89
2024-09-05,Self-serve,Referral,574.90
2024-09-06,Enterprise,Organic,3986.29
2024-09-06,Enterprise,Paid,2739.99
2024-09-06,Enterprise,Referral,1260.17
2024-09-06,SMB,Organic,3224.20
2024-09-06,SMB,Paid,2182.69
2024-09-06,SMB,Referral,907.94
2024-09-06,Self-serve,Organic,1775.03
2024-09-06,Self-serve,Paid,1268.82
2024-09-06,Self-serve,Referral,563.72
2024-09-07,Enterprise,Organic,3200.88
2024-09-07,Enterprise,Paid,2306.67
2024-09-07,Enterprise,Referral,1011.16
2024-09-07,SMB,Organic,2385.92
2024-09-07,SMB,Paid,1854.42
2024-09-07,SMB,Referral,743.50
2024-09-07,Self-serve,Organic,1482.90
2024-09-07,Self-serve,Paid,1035.40
2024-09-07,Self-serve,Referral,454.81
2024-09-08,Enterprise,Organic,3362.43
2024-09-08,Enterprise,Paid,2150.30
2024-09-08,Enterprise,Referral,968.96
2024-09-08,SMB,Organic,2583.37
2024-09-08,SMB,Paid,1790.36
2024-09-08,SMB,Referral,782.87
2024-09-08,Self-serve,Organic,1504.93
2024-09-08,Self-serve,Paid,1047.86
2024-09-08,Self-serve,Referral,438.20
2024-09-09,Enterprise,Organic,4022.30
2024-09-09,Enterprise,Paid,2939.98
2024-09-09,Enterprise,Referral,1293.40
2024-09-09,SMB,Organic,3203.56
2024-09-09,SMB,Paid,2362.24
2024-09-09,SMB,Referral,1020.65
2024-09-09,Self-serve,Organic,1899.72
2024-09-09,Self-serve,Paid,1203.00
2024-09-09,Self-serve,Referral,545.99
2024-09-10,Enterprise,Organic,4504.74
2024-09-10,Enterprise,Paid,2935.51
2024-09-10,Enterprise,Referral,1202.91
2024-09-10,SMB,Organic,3438.93
2024-09-10,SMB,Paid,2322.16
2024-09-10,SMB,Referral,1027.79
2024-09-10,Self-serve,Organic,1910.63
2024-09-10,Self-serve,Paid,1344.66
2024-09-10,Self-serve,Referral,574.66
2024-09-11,Enterprise,Organic,4277.43
2024-09-11,Enterprise,Paid,3133.21
2024-09-11,Enterprise,Referral,1293.54
2024-09-11,SMB,Organic,3104.21
2024-09-11,SMB,Paid,2311.66
2024-09-11,SMB,Referral,1011.09
2024-09-11,Self-serve,Organic,1929.30
2024-09-11,Self-serve,Paid,1286.80
2024-09-11,Self-serve,Referral,578.16
2024-09-12,Enterprise,Organic,4311.74
2024-09-12,Enterprise,Paid,3163.12
2024-09-12,Enterprise,Referral,1230.18
2024-09-12,SMB,Organic,3213.10
2024-09-12,SMB,Paid,2262.96
2024-09-12,SMB,Referral,964.43
2024-09-12,Self-serve,Organic,1814.66
2024-09-12,Self-serve,Paid,1196.94
2024-09-12,Self-serve,Referral,552.04
2024-09-13,Enterprise,Organic,4166.63
2024-09-13,Enterprise,Paid,2841.99
2024-09-13,Enterprise,Referral,1308.07
2024-09-13,SMB,Organic,3206.48
2024-09-13,SMB,Paid,2330.53
2024-09-13,SMB,Referral,969.10
2024-09-13,Self-serve,Organic,1876.95
2024-09-13,Self-serve,Paid,1292.82
2024-09-13,Self-serve,Referral,572.02
2024-09-14,Enterprise,Organic,3338.21
2024-09-14,Enterprise,Paid,2367.55
2024-09-14,Enterprise,Referral,1010.77
2024-09-14,SMB,Organic,2569.62
2024-09-14,SMB,Paid,1836.47
2024-09-14,SMB,Referral,829.73
2024-09-14,Self-serve,Organic,1469.15
2024-09-14,Self-serve,Paid,1049.86
2024-09-14,Self-serve,Referral,461.12
2024-09-15,Enterprise,Organic,3450.90
2024-09-15,Enterprise,Paid,2336.55
2024-09-15,Enterprise,Referral,929.45
2024-09-15,SMB,Organic,2635.48
2024-09-15,SMB,Paid,1695.72
2024-09-15,SMB,Referral,812.91
2024-09-15,Self-serve,Organic,1490.54
2024-09-15,Self-serve,Paid,1069.23
2024-09-15,Self-serve,Referral,432.86
2024-09-16,Enterprise,Organic,4095.38
2024-09-16,Enterprise,Paid,3030.33
2024-09-16,Enterprise,Referral,1287.33
2024-09-16,SMB,Organic,3291.63
2024-09-16,SMB,Paid,2344.57
2024-09-16,SMB,Referral,1085.48
2024-09-16,Self-serve,Organic,1956.88
2024-09-16,Self-serve,Paid,1378.43
2024-09-16,Self-serve,Referral,587.23
2024-09-17,Enterprise,Organic,4491.65
2024-09-17,Enterprise,Paid,2993.37
2024-09-17,Enterprise,Referral,1210.70
2024-09-17,SMB,Organic,3326.12
2024-09-17,SMB,Paid,2398.55
2024-09-17,SMB,Referral,974.32
2024-09-17,Self-serve,Organic,1901.34
2024-09-17,Self-serve,Paid,1310.25
2024-09-17,Self-serve,Referral,599.28
2024-09-18,Enterprise,Organic,4321.37
2024-09-18,Enterprise,Paid,3016.27
2024-09-18,Enterprise,Referral,1291.55
2024-09-18,SMB,Organic,3283.49
2024-09-18,SMB,Paid,2314.65
2024-09-18,SMB,Referral,951.09
2024-09-18,Self-serve,Organic,1755.17
2024-09-18,Self-serve,Paid,1320.78
2024-09-18,Self-serve,Referral,568.99
2024-09-19,Enterprise,Organic,4385.09
2024-09-19,Enterprise,Paid,3101.74
2024-09-19,Enterprise,Referral,1329.27
2024-09-19,SMB,Organic,3192.69
2024-09-19,SMB,Paid,2279.51
2024-09-19,SMB,Referral,1001.60
2024-09-19,Self-serve,Organic,2023.55
2024-09-19,Self-serve,Paid,1374.95
2024-09-19,Self-serve,Referral,583.16
2024-09-20,Enterprise,Organic,4108.51
2024-09-20,Enterprise,Paid,2832.71
2024-09-20,Enterprise,Referral,1276.57
2024-09-20,SMB,Organic,3126.36
2024-09-20,SMB,Paid,2246.99
2024-09-20,SMB,Referral,966.60
2024-09-20,Self-serve,Organic,1935.78
2024-09-20,Self-serve,Paid,1279.49
2024-09-20,Self-serve,Referral,513.69
2024-09-21,Enterprise,Organic,3412.48
2024-09-21,Enterprise,Paid,2303.78
2024-09-21,Enterprise,Referral,1009.77
2024-09-21,SMB,Organic,2607.79
2024-09-21,SMB,Paid,1815.18
2024-09-21,SMB,Referral,802.97
2024-09-21,Self-serve,Organic,1425.34
2024-09-21,Self-serve,Paid,1029.61
2024-09-21,Self-serve,Referral,457.41
2024-09-22,Enterprise,Organic,3303.75
2024-09-22,Enterprise,Paid,2242.32
2024-09-22,Enterprise,Referral,1029.98
2024-09-22,SMB,Organic,2706.01
2024-09-22,SMB,Paid,1829.99
2024-09-22,SMB,Referral,739.14
2024-09-22,Self-serve,Organic,1527.57
2024-09-22,Self-serve,Paid,994.98
2024-09-22,Self-serve,Referral,452.92
2024-09-23,Enterprise,Organic,4217.37
2024-09-23,Enterprise,Paid,2927.38
2024-09-23,Enterprise,Referral,1282.58
2024-09-23,SMB,Organic,3351.37
2024-09-23,SMB,Paid,2313.34
2024-09-23,SMB,Referral,1028.82
2024-09-23,Self-serve,Organic,1899.89
2024-09-23,Self-serve,Paid,1387.60
2024-09-23,Self-serve,Referral,582.57
2024-09-24,Enterprise,Organic,4247.27
2024-09-24,Enterprise,Paid,2957.75
2024-09-24,Enterprise,Referral,1237.09
2024-09-24,SMB,Organic,3403.47
2024-09-24,SMB,Paid,2336.70
2024-09-24,SMB,Referral,940.18
2024-09-24,Self-serve,Organic,1897.04
2024-09-24,Self-serve,Paid,1313.13
2024-09-24,Self-serve,Referral,605.75
2024-09-25,Enterprise,Organic,4045.18
2024-09-25,Enterprise,Paid,2855.03
2024-09-25,Enterprise,Referral,1321.47
2024-09-25,SMB,Organic,3450.58
2024-09-25,SMB,Paid,2269.06
2024-09-25,SMB,Referral,975.82
2024-09-25,Self-serve,Organic,1929.67
2024-09-25,Self-serve,Paid,1233.66
2024-09-25,Self-serve,Referral,536.66
2024-09-26,Enterprise,Organic,4232.22
2024-09-26,Enterprise,Paid,3126.64
2024-09-26,Enterprise,Referral,1263.71
2024-09-26,SMB,Organic,3329.74
2024-09-26,SMB,Paid,2402.82
2024-09-26,SMB,Referral,1058.85
2024-09-26,Self-serve,Organic,1864.14
2024-09-26,Self-serve,Paid,1327.20
2024-09-26,Self-serve,Referral,600.20
2024-09-27,Enterprise,Organic,4001.30
2024-09-27,Enterprise,Paid,3025.41
2024-09-27,Enterprise,Referral,1219.40
2024-09-27,SMB,Organic,3271.07
2024-09-27,SMB,Paid,2266.11
2024-09-27,SMB,Referral,950.20
2024-09-27,Self-serve,Organic,1808.49
2024-09-27,Self-serve,Paid,1315.23
2024-09-27,Self-serve,Referral,575.73
2024-09-28,Enterprise,Organic,3377.41
2024-09-28,Enterprise,Paid,2378.42
2024-09-28,Enterprise,Referral,1034.61
2024-09-28,SMB,Organic,2560.27
2024-09-28,SMB,Paid,1886.96
2024-09-28,SMB,Referral,810.59
2024-09-28,Self-serve,Organic,1624.64
2024-09-28,Self-serve,Paid,1042.95
2024-09-28,Self-serve,Referral,445.87
2024-09-29,Enterprise,Organic,3473.06
2024-09-29,Enterprise,Paid,2434.72
2024-09-29,Enterprise,Referral,1002.08
2024-09-29,SMB,Organic,2608.43
2024-09-29,SMB,Paid,1878.26
2024-09-29,SMB,Referral,772.44
2024-09-29,Self-serve,Organic,1490.20
2024-09-29,Self-serve,Paid,1058.98
2024-09-29,Self-serve,Referral,466.16
2024-09-30,Enterprise,Organic,4290.74
2024-09-30,Enterprise,Paid,2889.93
2024-09-30,Enterprise,Referral,1235.62
2024-09-30,SMB,Organic,3270.47
2024-09-30,SMB,Paid,2285.50
2024-09-30,SMB,Referral,1014.94
2024-09-30,Self-serve,Organic,1872.95
2024-09-30,Self-serve,Paid,1330.89
2024-09-30,Self-serve,Referral,569.14
2024-10-01,Enterprise,Organic,4317.51
2024-10-01,Enterprise,Paid,3184.25
2024-10-01,Enterprise,Referral,1338.67
2024-10-01,SMB,Organic,3404.68
2024-10-01,SMB,Paid,2349.18
2024-10-01,SMB,Referral,1007.64
2024-10-01,Self-serve,Organic,1963.71
2024-10-01,Self-serve,Paid,1385.07
2024-10-01,Self-serve,Referral,567.49
2024-10-02,Enterprise,Organic,4304.24
2024-10-02,Enterprise,Paid,2826.24
2024-10-02,Enterprise,Referral,1298.05
2024-10-02,SMB,Organic,3420.54
2024-10-02,SMB,Paid,2321.19
2024-10-02,SMB,Referral,1057.90
2024-10-02,Self-serve,Organic,1860.39
2024-10-02,Self-serve,Paid,1346.36
2024-10-02,Self-serve,Referral,572.66
2024-10-03,Enterprise,Organic,4291.81
2024-10-03,Enterprise,Paid,3003.00
2024-10-03,Enterprise,Referral,1295.58
2024-10-03,SMB,Organic,3433.32
2024-10-03,SMB,Paid,2440.57
2024-10-03,SMB,Referral,1004.38
2024-10-03,Self-serve,Organic,1960.02
2024-10-03,Self-serve,Paid,1311.06
2024-10-03,Self-serve,Referral,587.16
2024-10-04,Enterprise,Organic,4132.00
2024-10-04,Enterprise,Paid,3056.92
2024-10-04,Enterprise,Referral,1352.73
2024-10-04,SMB,Organic,3276.92
2024-10-04,SMB,Paid,2150.84
2024-10-04,SMB,Referral,970.47
2024-10-04,Self-serve,Organic,1948.86
2024-10-04,Self-serve,Paid,1337.41
2024-10-04,Self-serve,Referral,568.03
2024-10-05,Enterprise,Organic,3523.08
2024-10-05,Enterprise,Paid,2428.51
2024-10-05,Enterprise,Referral,1063.36
2024-10-05,SMB,Organic,2733.05
2024-10-05,SMB,Paid,1946.78
2024-10-05,SMB,Referral,806.50
2024-10-05,Self-serve,Organic,1561.10
2024-10-05,Self-serve,Paid,1054.07
2024-10-05,Self-serve,Referral,447.72
2024-10-06,Enterprise,Organic,349.05
2024-10-06,Enterprise,Paid,137.17
2024-10-06,Enterprise,Referral,76.93
2024-10-06,SMB,Organic,2672.80
2024-10-06,SMB,Paid,1831.24
2024-10-06,SMB,Referral,799.14
2024-10-06,Self-serve,Organic,1587.22
2024-10-06,Self-serve,Paid,1082.91
2024-10-06,Self-serve,Referral,433.06
2024-10-07,Enterprise,Organic,4378.83
2024-10-07,Enterprise,Paid,3250.06
2024-10-07,Enterprise,Referral,1313.71
2024-10-07,SMB,Organic,3242.74
2024-10-07,SMB,Paid,2535.80
2024-10-07,SMB,Referral,1049.42
2024-10-07,Self-serve,Organic,1954.68
2024-10-07,Self-serve,Paid,1355.88
2024-10-07,Self-serve,Referral,606.72
2024-10-08,Enterprise,Organic,4340.87
2024-10-08,Enterprise,Paid,3195.23
2024-10-08,Enterprise,Referral,1345.32
2024-10-08,SMB,Organic,3457.23
2024-10-08,SMB,Paid,2412.91
2024-10-08,SMB,Referral,1024.21
2024-10-08,Self-serve,Organic,2022.68
2024-10-08,Self-serve,Paid,1337.17
2024-10-08,Self-serve,Referral,559.72
2024-10-09,Enterprise,Organic,4416.05
2024-10-09,Enterprise,Paid,3092.77
2024-10-09,Enterprise,Referral,1319.58
2024-10-09,SMB,Organic,3413.79
2024-10-09,SMB,Paid,2338.08
2024-10-09,SMB,Referral,1035.67
2024-10-09,Self-serve,Organic,1924.53
2024-10-09,Self-serve,Paid,1329.30
2024-10-09,Self-serve,Referral,572.74
2024-10-10,Enterprise,Organic,4604.52
2024-10-10,Enterprise,Paid,2880.77
2024-10-10,Enterprise,Referral,1321.93
2024-10-10,SMB,Organic,3206.52
2024-10-10,SMB,Paid,2355.95
2024-10-10,SMB,Referral,999.80
2024-10-10,Self-serve,Organic,1808.80
2024-10-10,Self-serve,Paid,1366.41
2024-10-10,Self-serve,Referral,572.25
2024-10-11,Enterprise,Organic,3996.00
2024-10-11,Enterprise,Paid,3060.39
2024-10-11,Enterprise,Referral,1334.45
2024-10-11,SMB,Organic,3465.16
2024-10-11,SMB,Paid,2346.82
2024-10-11,SMB,Referral,996.44
2024-10-11,Self-serve,Organic,1970.88
2024-10-11,Self-serve,Paid,1393.72
2024-10-11,Self-serve,Referral,587.95
2024-10-12,Enterprise,Organic,3351.19
2024-10-12,Enterprise,Paid,2428.60
2024-10-12,Enterprise,Referral,1048.22
2024-10-12,SMB,Organic,2536.63
2024-10-12,SMB,Paid,1904.01
2024-10-12,SMB,Referral,859.54
2024-10-12,Self-serve,Organic,1562.14
2024-10-12,Self-serve,Paid,1120.32
2024-10-12,Self-serve,Referral,462.34
2024-10-13,Enterprise,Organic,3445.16
2024-10-13,Enterprise,Paid,2444.57
2024-10-13,Enterprise,Referral,1010.47
2024-10-13,SMB,Organic,2607.82
2024-10-13,SMB,Paid,1951.24
2024-10-13,SMB,Referral,838.81
2024-10-13,Self-serve,Organic,1488.93
2024-10-13,Self-serve,Paid,1105.38
2024-10-13,Self-serve,Referral,459.17
2024-10-14,Enterprise,Organic,4489.88
2024-10-14,Enterprise,Paid,3154.15
2024-10-14,Enterprise,Referral,1373.15
2024-10-14,SMB,Organic,3465.47
2024-10-14,SMB,Paid,2522.19
2024-10-14,SMB,Referral,1046.69
2024-10-14,Self-serve,Organic,2012.35
2024-10-14,Self-serve,Paid,1348.19
2024-10-14,Self-serve,Referral,630.99
2024-10-15,Enterprise,Organic,4512.62
2024-10-15,Enterprise,Paid,3181.56
2024-10-15,Enterprise,Referral,1270.56
2024-10-15,SMB,Organic,3375.61
2024-10-15,SMB,Paid,2512.69
2024-10-15,SMB,Referral,1047.25
2024-10-15,Self-serve,Organic,1864.18
2024-10-15,Self-serve,Paid,1427.53
2024-10-15,Self-serve,Referral,583.64
2024-10-16,Enterprise,Organic,4557.86
2024-10-16,Enterprise,Paid,3052.84
2024-10-16,Enterprise,Referral,1319.87
2024-10-16,SMB,Organic,3521.29
2024-10-16,SMB,Paid,2316.60
2024-10-16,SMB,Referral,989.91
2024-10-16,Self-serve,Organic,1931.97
2024-10-16,Self-serve,Paid,1394.16
2024-10-16,Self-serve,Referral,559.75
2024-10-17,Enterprise,Organic,4158.87
2024-10-17,Enterprise,Paid,3140.29
2024-10-17,Enterprise,Referral,1289.63
2024-10-17,SMB,Organic,3365.00
2024-10-17,SMB,Paid,2250.77
2024-10-17,SMB,Referral,1000.71
2024-10-17,Self-serve,Organic,1945.31
2024-10-17,Self-serve,Paid,1400.04
2024-10-17,Self-serve,Referral,570.22
2024-10-18,Enterprise,Organic,4514.30
2024-10-18,Enterprise,Paid,2948.51
2024-10-18,Enterprise,Referral,1263.70
2024-10-18,SMB,Organic,3499.08
2024-10-18,SMB,Paid,2356.22
2024-10-18,SMB,Referral,986.83
2024-10-18,Self-serve,Organic,1902.43
2024-10-18,Self-serve,Paid,1392.23
2024-10-18,Self-serve,Referral,598.62
2024-10-19,Enterprise,Organic,3392.39
2024-10-19,Enterprise,Paid,2431.22
2024-10-19,Enterprise,Referral,1046.10
2024-10-19,SMB,Organic,2624.77
2024-10-19,SMB,Paid,1890.20
2024-10-19,SMB,Referral,811.57
2024-10-19,Self-serve,Organic,1598.47
2024-10-19,Self-serve,Paid,1121.11
2024-10-19,Self-serve,Referral,459.10
2024-10-20,Enterprise,Organic,3459.39
2024-10-20,Enterprise,Paid,2485.79
2024-10-20,Enterprise,Referral,1026.19
2024-10-20,SMB,Organic,2755.84
2024-10-20,SMB,Paid,1890.62
2024-10-20,SMB,Referral,788.78
2024-10-20,Self-serve,Organic,1503.02
2024-10-20,Self-serve,Paid,1130.23
2024-10-20,Self-serve,Referral,462.05
2024-10-21,Enterprise,Organic,4702.41
2024-10-21,Enterprise,Paid,3088.95
2024-10-21,Enterprise,Referral,1356.30
2024-10-21,SMB,Organic,3736.10
2024-10-21,SMB,Paid,2362.71
2024-10-21,SMB,Referral,986.23
2024-10-21,Self-serve,Organic,2068.82
2024-10-21,Self-serve,Paid,1359.77
2024-10-21,Self-serve,Referral,597.21
2024-10-22,Enterprise,Organic,4408.30
2024-10-22,Enterprise,Paid,3166.29
2024-10-22,Enterprise,Referral,1307.77
2024-10-22,SMB,Organic,3471.19
2024-10-22,SMB,Paid,2475.99
2024-10-22,SMB,Referral,1015.34
2024-10-22,Self-serve,Organic,1952.42
2024-10-22,Self-serve,Paid,1381.46
2024-10-22,Self-serve,Referral,572.65
2024-10-23,Enterprise,Organic,4353.41
2024-10-23,Enterprise,Paid,3097.52
2024-10-23,Enterprise,Referral,1306.94
2024-10-23,SMB,Organic,3401.54
2024-10-23,SMB,Paid,2399.19
2024-10-23,SMB,Referral,1008.60
2024-10-23,Self-serve,Organic,2000.32
2024-10-23,Self-serve,Paid,1430.88
2024-10-23,Self-serve,Referral,579.72
2024-10-24,Enterprise,Organic,4478.79
2024-10-24,Enterprise,Paid,3067.96
2024-10-24,Enterprise,Referral,1338.88
2024-10-24,SMB,Organic,3594.81
2024-10-24,SMB,Paid,2440.15
2024-10-24,SMB,Referral,975.26
2024-10-24,Self-serve,Organic,1988.74
2024-10-24,Self-serve,Paid,1424.21
2024-10-24,Self-serve,Referral,584.69
2024-10-25,Enterprise,Organic,4465.90
2024-10-25,Enterprise,Paid,2972.62
2024-10-25,Enterprise,Referral,1242.94
2024-10-25,SMB,Organic,3387.02
2024-10-25,SMB,Paid,2236.51
2024-10-25,SMB,Referral,1004.54
2024-10-25,Self-serve,Organic,2001.68
2024-10-25,Self-serve,Paid,1271.80
2024-10-25,Self-serve,Referral,555.99
2024-10-26,Enterprise,Organic,3398.03
2024-10-26,Enterprise,Paid,2449.96
2024-10-26,Enterprise,Referral,1040.44
2024-10-26,SMB,Organic,2841.83
2024-10-26,SMB,Paid,1963.81
2024-10-26,SMB,Referral,830.36
2024-10-26,Self-serve,Organic,1565.30
2024-10-26,Self-serve,Paid,1103.81
2024-10-26,Self-serve,Referral,455.46
2024-10-27,Enterprise,Organic,3601.02
2024-10-27,Enterprise,Paid,2375.53
2024-10-27,Enterprise,Referral,1079.62
2024-10-27,SMB,Organic,2827.74
2024-10-27,SMB,Paid,1923.49
2024-10-27,SMB,Referral,814.84
2024-10-27,Self-serve,Organic,1579.07
2024-10-27,Self-serve,Paid,998.47
2024-10-27,Self-serve,Referral,472.34
2024-10-28,Enterprise,Organic,4503.77
2024-10-28,Enterprise,Paid,3158.59
2024-10-28,Enterprise,Referral,1384.48
2024-10-28,SMB,Organic,3507.00
2024-10-28,SMB,Paid,2376.26
2024-10-28,SMB,Referral,1049.99
2024-10-28,Self-serve,Organic,2012.57
2024-10-28,Self-serve,Paid,1410.80
2024-10-28,Self-serve,Referral,605.48
2024-10-29,Enterprise,Organic,4665.54
2024-10-29,Enterprise,Paid,3063.93
2024-10-29,Enterprise,Referral,1364.49
2024-10-29,SMB,Organic,3655.20
2024-10-29,SMB,Paid,2335.13
2024-10-29,SMB,Referral,1061.40
2024-10-29,Self-serve,Organic,1975.56
2024-10-29,Self-serve,Paid,1391.96
2024-10-29,Self-serve,Referral,586.89
2024-10-30,Enterprise,Organic,4423.29
2024-10-30,Enterprise,Paid,3284.04
2024-10-30,Enterprise,Referral,1283.18
2024-10-30,SMB,Organic,3336.59
2024-10-30,SMB,Paid,2326.00
2024-10-30,SMB,Referral,1091.14
2024-10-30,Self-serve,Organic,1948.55
2024-10-30,Self-serve,Paid,1382.11
2024-10-30,Self-serve,Referral,585.62
2024-10-31,Enterprise,Organic,4325.02
2024-10-31,Enterprise,Paid,3093.81
2024-10-31,Enterprise,Referral,1433.82
2024-10-31,SMB,Organic,3606.57
2024-10-31,SMB,Paid,2361.38
2024-10-31,SMB,Referral,1058.77
2024-10-31,Self-serve,Organic,1928.93
2024-10-31,Self-serve,Paid,1311.00
2024-10-31,Self-serve,Referral,611.64
2024-11-01,Enterprise,Organic,4524.44
2024-11-01,Enterprise,Paid,3156.64
2024-11-01,Enterprise,Referral,1293.19
2024-11-01,SMB,Organic,3383.64
2024-11-01,SMB,Paid,2434.00
2024-11-01,SMB,Referral,1032.18
2024-11-01,Self-serve,Organic,1920.28
2024-11-01,Self-serve,Paid,1294.19
2024-11-01,Self-serve,Referral,584.96
2024-11-02,Enterprise,Organic,3650.04
2024-11-02,Enterprise,Paid,2386.00
2024-11-02,Enterprise,Referral,1081.00
2024-11-02,SMB,Organic,2777.26
2024-11-02,SMB,Paid,1968.25
2024-11-02,SMB,Referral,846.55
2024-11-02,Self-serve,Organic,1538.64
2024-11-02,Self-serve,Paid,1046.60
2024-11-02,Self-serve,Referral,463.87
2024-11-03,Enterprise,Organic,3634.16
2024-11-03,Enterprise,Paid,2437.53
2024-11-03,Enterprise,Referral,1039.81
2024-11-03,SMB,Organic,2602.70
2024-11-03,SMB,Paid,2028.52
2024-11-03,SMB,Referral,846.40
2024-11-03,Self-serve,Organic,1609.55
2024-11-03,Self-serve,Paid,1133.22
2024-11-03,Self-serve,Referral,480.13
2024-11-04,Enterprise,Organic,4523.02
2024-11-04,Enterprise,Paid,3173.82
2024-11-04,Enterprise,Referral,1349.39
2024-11-04,SMB,Organic,3824.00
2024-11-04,SMB,Paid,2522.09
2024-11-04,SMB,Referral,1048.37
2024-11-04,Self-serve,Organic,2053.35
2024-11-04,Self-serve,Paid,1374.56
2024-11-04,Self-serve,Referral,634.94
2024-11-05,Enterprise,Organic,4471.27
2024-11-05,Enterprise,Paid,3241.22
2024-11-05,Enterprise,Referral,1412.29
2024-11-05,SMB,Organic,3588.98
2024-11-05,SMB,Paid,2490.65
2024-11-05,SMB,Referral,1064.75
2024-11-05,Self-serve,Organic,2024.01
2024-11-05,Self-serve,Paid,1394.66
2024-11-05,Self-serve,Referral,600.03
2024-11-06,Enterprise,Organic,4681.46
2024-11-06,Enterprise,Paid,3127.53
2024-11-06,Enterprise,Referral,1313.05
2024-11-06,SMB,Organic,3432.38
2024-11-06,SMB,Paid,2521.03
2024-11-06,SMB,Referral,1067.11
2024-11-06,Self-serve,Organic,2025.71
2024-11-06,Self-serve,Paid,1383.78
2024-11-06,Self-serve,Referral,607.95
2024-11-07,Enterprise,Organic,4401.08
2024-11-07,Enterprise,Paid,3116.94
2024-11-07,Enterprise,Referral,1385.49
2024-11-07,SMB,Organic,3582.00
2024-11-07,SMB,Paid,2371.34
2024-11-07,SMB,Referral,1020.26
2024-11-07,Self-serve,Organic,2001.05
2024-11-07,Self-serve,Paid,1468.48
2024-11-07,Self-serve,Referral,563.98
2024-11-08,Enterprise,Organic,4444.98
2024-11-08,Enterprise,Paid,2958.34
2024-11-08,Enterprise,Referral,1297.29
2024-11-08,SMB,Organic,3391.10
2024-11-08,SMB,Paid,2369.73
2024-11-08,SMB,Referral,1012.10
2024-11-08,Self-serve,Organic,1959.61
2024-11-08,Self-serve,Paid,1349.41
2024-11-08,Self-serve,Referral,561.97
2024-11-09,Enterprise,Organic,3647.99
2024-11-09,Enterprise,Paid,2551.57
2024-11-09,Enterprise,Referral,1096.43
2024-11-09,SMB,Organic,2644.31
2024-11-09,SMB,Paid,1958.13
2024-11-09,SMB,Referral,848.61
2024-11-09,Self-serve,Organic,1535.25
2024-11-09,Self-serve,Paid,1109.29
2024-11-09,Self-serve,Referral,473.62
2024-11-10,Enterprise,Organic,3765.96
2024-11-10,Enterprise,Paid,2642.34
2024-11-10,Enterprise,Referral,1017.16
2024-11-10,SMB,Organic,2983.35
2024-11-10,SMB,Paid,1889.63
2024-11-10,SMB,Referral,857.20
2024-11-10,Self-serve,Organic,1632.28
2024-11-10,Self-serve,Paid,1077.11
2024-11-10,Self-serve,Referral,482.87
2024-11-11,Enterprise,Organic,4578.88
2024-11-11,Enterprise,Paid,3269.06
2024-11-11,Enterprise,Referral,1387.65
2024-11-11,SMB,Organic,3701.11
2024-11-11,SMB,Paid,2506.67
2024-11-11,SMB,Referral,1066.46
2024-11-11,Self-serve,Organic,2108.78
2024-11-11,Self-serve,Paid,1454.03
2024-11-11,Self-serve,Referral,625.94
2024-11-12,Enterprise,Organic,4507.33
2024-11-12,Enterprise,Paid,3118.37
2024-11-12,Enterprise,Referral,1356.21
2024-11-12,SMB,Organic,3510.40
2024-11-12,SMB,Paid,2562.97
2024-11-12,SMB,Referral,1104.53
2024-11-12,Self-serve,Organic,2034.50
2024-11-12,Self-serve,Paid,1492.23
2024-11-12,Self-serve,Referral,638.38
2024-11-13,Enterprise,Organic,4552.08
2024-11-13,Enterprise,Paid,3085.36
2024-11-13,Enterprise,Referral,1419.80
2024-11-13,SMB,Organic,3508.41
2024-11-13,SMB,Paid,2469.70
2024-11-13,SMB,Referral,1043.71
2024-11-13,Self-serve,Organic,1954.87
2024-11-13,Self-serve,Paid,1343.99
2024-11-13,Self-serve,Referral,613.98
2024-11-14,Enterprise,Organic,4417.98
2024-11-14,Enterprise,Paid,3457.71
2024-11-14,Enterprise,Referral,1313.07
2024-11-14,SMB,Organic,3386.17
2024-11-14,SMB,Paid,2500.93
2024-11-14,SMB,Referral,1104.11
2024-11-14,Self-serve,Organic,2014.70
2024-11-14,Self-serve,Paid,1431.73
2024-11-14,Self-serve,Referral,569.88
2024-11-15,Enterprise,Organic,4353.75
2024-11-15,Enterprise,Paid,3010.66
2024-11-15,Enterprise,Referral,1257.43
2024-11-15,SMB,Organic,3468.63
2024-11-15,SMB,Paid,2256.75
2024-11-15,SMB,Referral,995.82
2024-11-15,Self-serve,Organic,1943.31
2024-11-15,Self-serve,Paid,1348.12
2024-11-15,Self-serve,Referral,599.59
2024-11-16,Enterprise,Organic,3626.53
2024-11-16,Enterprise,Paid,2582.96
2024-11-16,Enterprise,Referral,1102.41
2024-11-16,SMB,Organic,2890.67
2024-11-16,SMB,Paid,1956.40
2024-11-16,SMB,Referral,846.14
2024-11-16,Self-serve,Organic,1621.66
2024-11-16,Self-serve,Paid,1122.76
2024-11-16,Self-serve,Referral,473.44
2024-11-17,Enterprise,Organic,3561.85
2024-11-17,Enterprise,Paid,2456.64
2024-11-17,Enterprise,Referral,1092.97
2024-11-17,SMB,Organic,2790.34
2024-11-17,SMB,Paid,1919.79
2024-11-17,SMB,Referral,822.79
2024-11-17,Self-serve,Organic,1540.93
2024-11-17,Self-serve,Paid,1152.16
2024-11-17,Self-serve,Referral,480.83
2024-11-18,Enterprise,Organic,4511.11
2024-11-18,Enterprise,Paid,3320.32
2024-11-18,Enterprise,Referral,1365.94
2024-11-18,SMB,Organic,3449.89
2024-11-18,SMB,Paid,2598.56
2024-11-18,SMB,Referral,1063.15
2024-11-18,Self-serve,Organic,2032.97
2024-11-18,Self-serve,Paid,1442.53
2024-11-18,Self-serve,Referral,638.63
2024-11-19,Enterprise,Organic,4639.09
2024-11-19,Enterprise,Paid,3128.67
2024-11-19,Enterprise,Referral,1413.59
2024-11-19,SMB,Organic,3553.55
2024-11-19,SMB,Paid,2667.18
2024-11-19,SMB,Referral,1081.77
2024-11-19,Self-serve,Organic,1922.42
2024-11-19,Self-serve,Paid,1457.87
2024-11-19,Self-serve,Referral,654.24
2024-11-20,Enterprise,Organic,4771.06
2024-11-20,Enterprise,Paid,3364.14
2024-11-20,Enterprise,Referral,1324.89
2024-11-20,SMB,Organic,3640.27
2024-11-20,SMB,Paid,2426.59
2024-11-20,SMB,Referral,1070.14
2024-11-20,Self-serve,Organic,1947.42
2024-11-20,Self-serve,Paid,1389.92
2024-11-20,Self-serve,Referral,595.10
2024-11-21,Enterprise,Organic,4683.85
2024-11-21,Enterprise,Paid,3269.32
2024-11-21,Enterprise,Referral,1379.63
2024-11-21,SMB,Organic,3403.66
2024-11-21,SMB,Paid,2459.94
2024-11-21,SMB,Referral,1040.39
2024-11-21,Self-serve,Organic,2079.96
2024-11-21,Self-serve,Paid,1469.10
2024-11-21,Self-serve,Referral,627.39
2024-11-22,Enterprise,Organic,4378.48
2024-11-22,Enterprise,Paid,2878.25
2024-11-22,Enterprise,Referral,1272.75
2024-11-22,SMB,Organic,3633.03
2024-11-22,SMB,Paid,2409.74
2024-11-22,SMB,Referral,1021.79
2024-11-22,Self-serve,Organic,2089.22
2024-11-22,Self-serve,Paid,1446.67
2024-11-22,Self-serve,Referral,597.77
2024-11-23,Enterprise,Organic,3590.70
2024-11-23,Enterprise,Paid,2525.76
2024-11-23,Enterprise,Referral,1094.18
2024-11-23,SMB,Organic,2952.81
2024-11-23,SMB,Paid,1997.29
2024-11-23,SMB,Referral,863.68
2024-11-23,Self-serve,Organic,1666.52
2024-11-23,Self-serve,Paid,1087.48
2024-11-23,Self-serve,Referral,493.95
2024-11-24,Enterprise,Organic,3594.68
2024-11-24,Enterprise,Paid,2347.08
2024-11-24,Enterprise,Referral,1018.55
2024-11-24,SMB,Organic,2734.63
2024-11-24,SMB,Paid,2006.02
2024-11-24,SMB,Referral,849.13
2024-11-24,Self-serve,Organic,1620.79
2024-11-24,Self-serve,Paid,1194.35
2024-11-24,Self-serve,Referral,465.15
2024-11-25,Enterprise,Organic,4664.42
2024-11-25,Enterprise,Paid,3297.63
2024-11-25,Enterprise,Referral,1369.54
2024-11-25,SMB,Organic,3633.96
2024-11-25,SMB,Paid,2419.62
2024-11-25,SMB,Referral,1135.33
2024-11-25,Self-serve,Organic,2032.36
2024-11-25,Self-serve,Paid,1540.86
2024-11-25,Self-serve,Referral,621.83
2024-11-26,Enterprise,Organic,4817.73
2024-11-26,Enterprise,Paid,3266.28
2024-11-26,Enterprise,Referral,1400.78
2024-11-26,SMB,Organic,3571.33
2024-11-26,SMB,Paid,2553.60
2024-11-26,SMB,Referral,1100.91
2024-11-26,Self-serve,Organic,2028.28
2024-11-26,Self-serve,Paid,1448.55
2024-11-26,Self-serve,Referral,611.74
2024-11-27,Enterprise,Organic,4909.09
2024-11-27,Enterprise,Paid,3205.93
2024-11-27,Enterprise,Referral,1441.55
2024-11-27,SMB,Organic,3550.80
2024-11-27,SMB,Paid,2519.68
2024-11-27,SMB,Referral,1029.05
2024-11-27,Self-serve,Organic,2013.63
2024-11-27,Self-serve,Paid,1437.73
2024-11-27,Self-serve,Referral,641.44
2024-11-28,Enterprise,Organic,4628.11
2024-11-28,Enterprise,Paid,3351.84
2024-11-28,Enterprise,Referral,1405.76
2024-11-28,SMB,Organic,3750.41
2024-11-28,SMB,Paid,2498.65
2024-11-28,SMB,Referral,1149.67
2024-11-28,Self-serve,Organic,2013.58
2024-11-28,Self-serve,Paid,1397.44
2024-11-28,Self-serve,Referral,590.75
2024-11-29,Enterprise,Organic,4831.68
2024-11-29,Enterprise,Paid,3238.83
2024-11-29,Enterprise,Referral,1341.18
2024-11-29,SMB,Organic,3643.96
2024-11-29,SMB,Paid,2509.37
2024-11-29,SMB,Referral,1115.86
2024-11-29,Self-serve,Organic,1913.86
2024-11-29,Self-serve,Paid,1393.76
2024-11-29,Self-serve,Referral,593.76
2024-11-30,Enterprise,Organic,3435.37
2024-11-30,Enterprise,Paid,2637.42
2024-11-30,Enterprise,Referral,1086.59
2024-11-30,SMB,Organic,2903.14
2024-11-30,SMB,Paid,2128.83
2024-11-30,SMB,Referral,843.01
2024-11-30,Self-serve,Organic,1602.42
2024-11-30,Self-serve,Paid,1140.09
2024-11-30,Self-serve,Referral,501.30
2024-12-01,Enterprise,Organic,3593.57
2024-12-01,Enterprise,Paid,2510.57
2024-12-01,Enterprise,Referral,1131.50
2024-12-01,SMB,Organic,2875.64
2024-12-01,SMB,Paid,1868.25
2024-12-01,SMB,Referral,821.64
2024-12-01,Self-serve,Organic,1697.94
2024-12-01,Self-serve,Paid,1151.05
2024-12-01,Self-serve,Referral,476.28
2024-12-02,Enterprise,Organic,4681.49
2024-12-02,Enterprise,Paid,3295.19
2024-12-02,Enterprise,Referral,1442.82
2024-12-02,SMB,Organic,3510.74
2024-12-02,SMB,Paid,2497.27
2024-12-02,SMB,Referral,1106.95
2024-12-02,Self-serve,Organic,2085.09
2024-12-02,Self-serve,Paid,1489.06
2024-12-02,Self-serve,Referral,604.26
2024-12-03,Enterprise,Organic,4761.34
2024-12-03,Enterprise,Paid,3405.60
2024-12-03,Enterprise,Referral,1433.90
2024-12-03,SMB,Organic,3679.30
2024-12-03,SMB,Paid,2557.43
2024-12-03,SMB,Referral,1071.67
2024-12-03,Self-serve,Organic,2089.20
2024-12-03,Self-serve,Paid,1520.99
2024-12-03,Self-serve,Referral,625.87
2024-12-04,Enterprise,Organic,4505.30
2024-12-04,Enterprise,Paid,3192.35
2024-12-04,Enterprise,Referral,1397.03
2024-12-04,SMB,Organic,3559.88
2024-12-04,SMB,Paid,2556.85
2024-12-04,SMB,Referral,1097.01
2024-12-04,Self-serve,Organic,2112.14
2024-12-04,Self-serve,Paid,1501.59
2024-12-04,Self-serve,Referral,635.62
2024-12-05,Enterprise,Organic,4504.21
2024-12-05,Enterprise,Paid,3155.93
2024-12-05,Enterprise,Referral,1387.07
2024-12-05,SMB,Organic,3555.51
2024-12-05,SMB,Paid,2436.84
2024-12-05,SMB,Referral,1066.96
2024-12-05,Self-serve,Organic,2030.28
2024-12-05,Self-serve,Paid,1412.66
2024-12-05,Self-serve,Referral,612.02
2024-12-06,Enterprise,Organic,4712.70
2024-12-06,Enterprise,Paid,3205.29
2024-12-06,Enterprise,Referral,1466.79
2024-12-06,SMB,Organic,3558.38
2024-12-06,SMB,Paid,2456.63
2024-12-06,SMB,Referral,1062.21
2024-12-06,Self-serve,Organic,2038.58
2024-12-06,Self-serve,Paid,1434.60
2024-12-06,Self-serve,Referral,644.72
2024-12-07,Enterprise,Organic,3587.24
2024-12-07,Enterprise,Paid,2642.80
2024-12-07,Enterprise,Referral,1111.06
2024-12-07,SMB,Organic,2727.75
2024-12-07,SMB,Paid,2050.20
2024-12-07,SMB,Referral,891.46
2024-12-07,Self-serve,Organic,1593.75
2024-12-07,Self-serve,Paid,1144.76
2024-12-07,Self-serve,Referral,465.34
2024-12-08,Enterprise,Organic,3545.57
2024-12-08,Enterprise,Paid,2660.40
2024-12-08,Enterprise,Referral,1089.95
2024-12-08,SMB,Organic,2770.56
2024-12-08,SMB,Paid,2019.94
2024-12-08,SMB,Referral,846.29
2024-12-08,Self-serve,Organic,1614.52
2024-12-08,Self-serve,Paid,1171.78
2024-12-08,Self-serve,Referral,474.17
2024-12-09,Enterprise,Organic,4614.01
2024-12-09,Enterprise,Paid,3335.33
2024-12-09,Enterprise,Referral,1464.23
2024-12-09,SMB,Organic,3825.89
2024-12-09,SMB,Paid,2530.69
2024-12-09,SMB,Referral,1137.78
2024-12-09,Self-serve,Organic,2058.34
2024-12-09,Self-serve,Paid,1556.39
2024-12-09,Self-serve,Referral,610.87
2024-12-10,Enterprise,Organic,4937.39
2024-12-10,Enterprise,Paid,3258.25
2024-12-10,Enterprise,Referral,1510.48
2024-12-10,SMB,Organic,3758.52
2024-12-10,SMB,Paid,2506.31
2024-12-10,SMB,Referral,1090.54
2024-12-10,Self-serve,Organic,2159.75
2024-12-10,Self-serve,Paid,1523.85
2024-12-10,Self-serve,Referral,631.74
2024-12-11,Enterprise,Organic,4671.70
2024-12-11,Enterprise,Paid,3340.12
2024-12-11,Enterprise,Referral,1405.17
2024-12-11,SMB,Organic,3487.87
2024-12-11,SMB,Paid,2478.13
2024-12-11,SMB,Referral,1096.28
2024-12-11,Self-serve,Organic,2149.14
2024-12-11,Self-serve,Paid,1521.84
2024-12-11,Self-serve,Referral,636.61
2024-12-12,Enterprise,Organic,4710.93
2024-12-12,Enterprise,Paid,3342.92
2024-12-12,Enterprise,Referral,1373.18
2024-12-12,SMB,Organic,3616.05
2024-12-12,SMB,Paid,2480.05
2024-12-12,SMB,Referral,1049.00
2024-12-12,Self-serve,Organic,2096.63
2024-12-12,Self-serve,Paid,1461.19
2024-12-12,Self-serve,Referral,635.60
2024-12-13,Enterprise,Organic,4662.84
2024-12-13,Enterprise,Paid,3234.75
2024-12-13,Enterprise,Referral,1399.29
2024-12-13,SMB,Organic,3563.63
2024-12-13,SMB,Paid,2528.68
2024-12-13,SMB,Referral,1047.14
2024-12-13,Self-serve,Organic,2061.58
2024-12-13,Self-serve,Paid,1455.90
2024-12-13,Self-serve,Referral,599.40
2024-12-14,Enterprise,Organic,3715.35
2024-12-14,Enterprise,Paid,2548.13
2024-12-14,Enterprise,Referral,1095.30
2024-12-14,SMB,Organic,2787.86
2024-12-14,SMB,Paid,2096.35
2024-12-14,SMB,Referral,893.24
2024-12-14,Self-serve,Organic,1675.28
2024-12-14,Self-serve,Paid,1222.37
2024-12-14,Self-serve,Referral,491.80
2024-12-15,Enterprise,Organic,4051.49
2024-12-15,Enterprise,Paid,2581.86
2024-12-15,Enterprise,Referral,1122.65
2024-12-15,SMB,Organic,2853.98
2024-12-15,SMB,Paid,2044.50
2024-12-15,SMB,Referral,888.26
2024-12-15,Self-serve,Organic,1644.90
2024-12-15,Self-serve,Paid,1216.96
2024-12-15,Self-serve,Referral,498.72
2024-12-16,Enterprise,Organic,4818.90
2024-12-16,Enterprise,Paid,3254.83
2024-12-16,Enterprise,Referral,1452.04
2024-12-16,SMB,Organic,3702.91
2024-12-16,SMB,Paid,2555.02
2024-12-16,SMB,Referral,1089.38
2024-12-16,Self-serve,Organic,2294.78
2024-12-16,Self-serve,Paid,1475.39
2024-12-16,Self-serve,Referral,609.49
2024-12-17,Enterprise,Organic,4685.20
2024-12-17,Enterprise,Paid,3344.62
2024-12-17,Enterprise,Referral,1459.18
2024-12-17,SMB,Organic,3783.95
2024-12-17,SMB,Paid,2658.29
2024-12-17,SMB,Referral,1095.00
2024-12-17,Self-serve,Organic,2148.58
2024-12-17,Self-serve,Paid,1449.67
2024-12-17,Self-serve,Referral,626.20
2024-12-18,Enterprise,Organic,4572.59
2024-12-18,Enterprise,Paid,3174.09
2024-12-18,Enterprise,Referral,1455.65
2024-12-18,SMB,Organic,3732.70
2024-12-18,SMB,Paid,2635.01
2024-12-18,SMB,Referral,1098.44
2024-12-18,Self-serve,Organic,2138.50
2024-12-18,Self-serve,Paid,1385.56
2024-12-18,Self-serve,Referral,643.17
2024-12-19,Enterprise,Organic,4732.28
2024-12-19,Enterprise,Paid,3357.08
2024-12-19,Enterprise,Referral,1428.28
2024-12-19,SMB,Organic,3552.80
2024-12-19,SMB,Paid,2447.67
2024-12-19,SMB,Referral,1074.90
2024-12-19,Self-serve,Organic,2127.58
2024-12-19,Self-serve,Paid,1494.80
2024-12-19,Self-serve,Referral,601.88
2024-12-20,Enterprise,Organic,4487.50
2024-12-20,Enterprise,Paid,3166.29
2024-12-20,Enterprise,Referral,1372.21
2024-12-20,SMB,Organic,3449.18
2024-12-20,SMB,Paid,2409.89
2024-12-20,SMB,Referral,1052.24
2024-12-20,Self-serve,Organic,2060.24
2024-12-20,Self-serve,Paid,1387.50
2024-12-20,Self-serve,Referral,614.34
2024-12-21,Enterprise,Organic,3857.30
2024-12-21,Enterprise,Paid,2514.80
2024-12-21,Enterprise,Referral,1114.63
2024-12-21,SMB,Organic,2997.17
2024-12-21,SMB,Paid,2009.91
2024-12-21,SMB,Referral,857.32
2024-12-21,Self-serve,Organic,1719.59
2024-12-21,Self-serve,Paid,1152.43
2024-12-21,Self-serve,Referral,514.99
2024-12-22,Enterprise,Organic,3790.88
2024-12-22,Enterprise,Paid,2592.96
2024-12-22,Enterprise,Referral,1138.97
2024-12-22,SMB,Organic,2938.99
2024-12-22,SMB,Paid,2100.11
2024-12-22,SMB,Referral,858.93
2024-12-22,Self-serve,Organic,1665.49
2024-12-22,Self-serve,Paid,1162.25
2024-12-22,Self-serve,Referral,509.57
2024-12-23,Enterprise,Organic,4669.23
2024-12-23,Enterprise,Paid,3475.06
2024-12-23,Enterprise,Referral,1465.44
2024-12-23,SMB,Organic,3598.83
2024-12-23,SMB,Paid,2717.87
2024-12-23,SMB,Referral,1199.40
2024-12-23,Self-serve,Organic,2205.41
2024-12-23,Self-serve,Paid,1562.90
2024-12-23,Self-serve,Referral,643.96
2024-12-24,Enterprise,Organic,4582.33
2024-12-24,Enterprise,Paid,3189.14
2024-12-24,Enterprise,Referral,1457.89
2024-12-24,SMB,Organic,3684.39
2024-12-24,SMB,Paid,2553.66
2024-12-24,SMB,Referral,1123.18
2024-12-24,Self-serve,Organic,2183.01
2024-12-24,Self-serve,Paid,1435.01
2024-12-24,Self-serve,Referral,634.37
2024-12-25,Enterprise,Organic,4953.28
2024-12-25,Enterprise,Paid,3210.04
2024-12-25,Enterprise,Referral,1458.68
2024-12-25,SMB,Organic,3632.01
2024-12-25,SMB,Paid,2622.17
2024-12-25,SMB,Referral,1142.08
2024-12-25,Self-serve,Organic,2152.90
2024-12-25,Self-serve,Paid,1514.45
2024-12-25,Self-serve,Referral,609.99
2024-12-26,Enterprise,Organic,4902.35
2024-12-26,Enterprise,Paid,3235.76
2024-12-26,Enterprise,Referral,1434.24
2024-12-26,SMB,Organic,3718.26
2024-12-26,SMB,Paid,2620.36
2024-12-26,SMB,Referral,1118.09
2024-12-26,Self-serve,Organic,2055.01
2024-12-26,Self-serve,Paid,1416.10
2024-12-26,Self-serve,Referral,649.07
2024-12-27,Enterprise,Organic,4685.46
2024-12-27,Enterprise,Paid,3374.11
2024-12-27,Enterprise,Referral,1395.97
2024-12-27,SMB,Organic,3471.27
2024-12-27,SMB,Paid,2610.36
2024-12-27,SMB,Referral,1075.13
2024-12-27,Self-serve,Organic,2092.13
2024-12-27,Self-serve,Paid,1421.46
2024-12-27,Self-serve,Referral,651.91
2024-12-28,Enterprise,Organic,3668.50
2024-12-28,Enterprise,Paid,2610.60
2024-12-28,Enterprise,Referral,1133.92
2024-12-28,SMB,Organic,2834.32
2024-12-28,SMB,Paid,2071.57
2024-12-28,SMB,Referral,921.61
2024-12-28,Self-serve,Organic,1649.84
2024-12-28,Self-serve,Paid,1186.03
2024-12-28,Self-serve,Referral,460.91
2024-12-29,Enterprise,Organic,3767.31
2024-12-29,Enterprise,Paid,2615.41
2024-12-29,Enterprise,Referral,1103.73
2024-12-29,SMB,Organic,3028.73
2024-12-29,SMB,Paid,2033.39
2024-12-29,SMB,Referral,875.38
2024-12-29,Self-serve,Organic,1657.35
2024-12-29,Self-serve,Paid,1105.95
2024-12-29,Self-serve,Referral,485.82
2024-12-30,Enterprise,Organic,4994.65
2024-12-30,Enterprise,Paid,3183.17
2024-12-30,Enterprise,Referral,1422.92
2024-12-30,SMB,Organic,3730.58
2024-12-30,SMB,Paid,2781.36
2024-12-30,SMB,Referral,1158.88
2024-12-30,Self-serve,Organic,2121.57
2024-12-30,Self-serve,Paid,1569.45
2024-12-30,Self-serve,Referral,632.91
2024-12-31,Enterprise,Organic,5007.13
2024-12-31,Enterprise,Paid,3263.31
2024-12-31,Enterprise,Referral,1504.94
2024-12-31,SMB,Organic,3733.94
2024-12-31,SMB,Paid,2564.36
2024-12-31,SMB,Referral,1126.61
2024-12-31,Self-serve,Organic,2177.97
2024-12-31,Self-serve,Paid,1489.56
2024-12-31,Self-serve,Referral,658.77
2025-01-01,Enterprise,Organic,4691.71
2025-01-01,Enterprise,Paid,3404.87
2025-01-01,Enterprise,Referral,1451.57
2025-01-01,SMB,Organic,3707.28
2025-01-01,SMB,Paid,2565.42
2025-01-01,SMB,Referral,1119.29
2025-01-01,Self-serve,Organic,2157.36
2025-01-01,Self-serve,Paid,1577.52
2025-01-01,Self-serve,Referral,654.64
2025-01-02,Enterprise,Organic,4920.43
2025-01-02,Enterprise,Paid,3656.37
2025-01-02,Enterprise,Referral,1456.34
2025-01-02,SMB,Organic,3772.19
2025-01-02,SMB,Paid,2657.66
2025-01-02,SMB,Referral,1081.68
2025-01-02,Self-serve,Organic,2096.35
2025-01-02,Self-serve,Paid,1464.67
2025-01-02,Self-serve,Referral,649.78
2025-01-03,Enterprise,Organic,4670.85
2025-01-03,Enterprise,Paid,3300.40
2025-01-03,Enterprise,Referral,1454.57
2025-01-03,SMB,Organic,3746.53
2025-01-03,SMB,Paid,2543.97
2025-01-03,SMB,Referral,1073.57
2025-01-03,Self-serve,Organic,2157.91
2025-01-03,Self-serve,Paid,1494.70
2025-01-03,Self-serve,Referral,595.88
2025-01-04,Enterprise,Organic,3760.90
2025-01-04,Enterprise,Paid,2670.80
2025-01-04,Enterprise,Referral,1165.58
2025-01-04,SMB,Organic,3033.51
2025-01-04,SMB,Paid,2084.63
2025-01-04,SMB,Referral,901.42
2025-01-04,Self-serve,Organic,1690.61
2025-01-04,Self-serve,Paid,1157.28
2025-01-04,Self-serve,Referral,502.24
2025-01-05,Enterprise,Organic,3802.88
2025-01-05,Enterprise,Paid,2657.73
2025-01-05,Enterprise,Referral,1075.72
2025-01-05,SMB,Organic,2920.86
2025-01-05,SMB,Paid,2072.77
2025-01-05,SMB,Referral,879.35
2025-01-05,Self-serve,Organic,1676.70
2025-01-05,Self-serve,Paid,1199.75
2025-01-05,Self-serve,Referral,490.36
2025-01-06,Enterprise,Organic,4653.03
2025-01-06,Enterprise,Paid,3388.60
2025-01-06,Enterprise,Referral,1501.23
2025-01-06,SMB,Organic,3997.48
2025-01-06,SMB,Paid,2725.89
2025-01-06,SMB,Referral,1091.18
2025-01-06,Self-serve,Organic,2159.05
2025-01-06,Self-serve,Paid,1533.66
2025-01-06,Self-serve,Referral,655.74
2025-01-07,Enterprise,Organic,4976.52
2025-01-07,Enterprise,Paid,3333.79
2025-01-07,Enterprise,Referral,1472.05
2025-01-07,SMB,Organic,3857.03
2025-01-07,SMB,Paid,2732.34
2025-01-07,SMB,Referral,1115.08
2025-01-07,Self-serve,Organic,2154.03
2025-01-07,Self-serve,Paid,1400.01
2025-01-07,Self-serve,Referral,640.80
2025-01-08,Enterprise,Organic,4736.12
2025-01-08,Enterprise,Paid,3265.25
2025-01-08,Enterprise,Referral,1450.72
2025-01-08,SMB,Organic,3736.24
2025-01-08,SMB,Paid,2442.21
2025-01-08,SMB,Referral,1130.02
2025-01-08,Self-serve,Organic,2079.03
2025-01-08,Self-serve,Paid,1518.82
2025-01-08,Self-serve,Referral,616.90
2025-01-09,Enterprise,Organic,4821.38
2025-01-09,Enterprise,Paid,3343.29
2025-01-09,Enterprise,Referral,1458.25
2025-01-09,SMB,Organic,3760.61
2025-01-09,SMB,Paid,2602.54
2025-01-09,SMB,Referral,1072.18
2025-01-09,Self-serve,Organic,2046.03
2025-01-09,Self-serve,Paid,1472.39
2025-01-09,Self-serve,Referral,642.11
2025-01-10,Enterprise,Organic,4644.95
2025-01-10,Enterprise,Paid,3374.02
2025-01-10,Enterprise,Referral,1407.50
2025-01-10,SMB,Organic,3573.36
2025-01-10,SMB,Paid,2554.43
2025-01-10,SMB,Referral,1111.45
2025-01-10,Self-serve,Organic,2123.29
2025-01-10,Self-serve,Paid,1554.90
2025-01-10,Self-serve,Referral,618.18
2025-01-11,Enterprise,Organic,3817.13
2025-01-11,Enterprise,Paid,2712.13
2025-01-11,Enterprise,Referral,1146.86
2025-01-11,SMB,Organic,2930.75
2025-01-11,SMB,Paid,1986.00
2025-01-11,SMB,Referral,878.95
2025-01-11,Self-serve,Organic,1645.49
2025-01-11,Self-serve,Paid,1128.53
2025-01-11,Self-serve,Referral,497.90
2025-01-12,Enterprise,Organic,3709.41
2025-01-12,Enterprise,Paid,2727.75
2025-01-12,Enterprise,Referral,1169.63
2025-01-12,SMB,Organic,2897.89
2025-01-12,SMB,Paid,2068.79
2025-01-12,SMB,Referral,843.78
2025-01-12,Self-serve,Organic,1676.85
2025-01-12,Self-serve,Paid,1205.73
2025-01-12,Self-serve,Referral,523.27
2025-01-13,Enterprise,Organic,4823.79
2025-01-13,Enterprise,Paid,3559.35
2025-01-13,Enterprise,Referral,1411.53
2025-01-13,SMB,Organic,3690.36
2025-01-13,SMB,Paid,2740.83
2025-01-13,SMB,Referral,1207.82
2025-01-13,Self-serve,Organic,2223.20
2025-01-13,Self-serve,Paid,1531.68
2025-01-13,Self-serve,Referral,613.95
2025-01-14,Enterprise,Organic,4635.17
2025-01-14,Enterprise,Paid,3467.61
2025-01-14,Enterprise,Referral,1464.47
2025-01-14,SMB,Organic,3710.67
2025-01-14,SMB,Paid,2691.88
2025-01-14,SMB,Referral,1155.38
2025-01-14,Self-serve,Organic,2255.28
2025-01-14,Self-serve,Paid,1541.49
2025-01-14,Self-serve,Referral,682.19
2025-01-15,Enterprise,Organic,4849.57
2025-01-15,Enterprise,Paid,3382.14
2025-01-15,Enterprise,Referral,1500.97
2025-01-15,SMB,Organic,3660.30
2025-01-15,SMB,Paid,2862.57
2025-01-15,SMB,Referral,1144.03
2025-01-15,Self-serve,Organic,2179.47
2025-01-15,Self-serve,Paid,1532.16
2025-01-15,Self-serve,Referral,682.86
2025-01-16,Enterprise,Organic,4969.03
2025-01-16,Enterprise,Paid,3233.95
2025-01-16,Enterprise,Referral,1517.40
2025-01-16,SMB,Organic,3736.44
2025-01-16,SMB,Paid,2651.03
2025-01-16,SMB,Referral,1089.05
2025-01-16,Self-serve,Organic,2191.23
2025-01-16,Self-serve,Paid,1480.51
2025-01-16,Self-serve,Referral,649.10
2025-01-17,Enterprise,Organic,4726.56
2025-01-17,Enterprise,Paid,3529.75
2025-01-17,Enterprise,Referral,1515.20
2025-01-17,SMB,Organic,3712.99
2025-01-17,SMB,Paid,2600.45
2025-01-17,SMB,Referral,1099.88
2025-01-17,Self-serve,Organic,2189.05
2025-01-17,Self-serve,Paid,1468.49
2025-01-17,Self-serve,Referral,627.59
2025-01-18,Enterprise,Organic,3967.73
2025-01-18,Enterprise,Paid,2654.62
2025-01-18,Enterprise,Referral,1155.06
2025-01-18,SMB,Organic,2855.77
2025-01-18,SMB,Paid,2142.93
2025-01-18,SMB,Referral,951.77
2025-01-18,Self-serve,Organic,1750.21
2025-01-18,Self-serve,Paid,1251.79
2025-01-18,Self-serve,Referral,500.90
2025-01-19,Enterprise,Organic,3886.06
2025-01-19,Enterprise,Paid,2624.67
2025-01-19,Enterprise,Referral,1149.70
2025-01-19,SMB,Organic,3070.74
2025-01-19,SMB,Paid,2107.27
2025-01-19,SMB,Referral,862.21
2025-01-19,Self-serve,Organic,1647.32
2025-01-19,Self-serve,Paid,1150.74
2025-01-19,Self-serve,Referral,522.08
2025-01-20,Enterprise,Organic,5274.03
2025-01-20,Enterprise,Paid,3618.66
2025-01-20,Enterprise,Referral,1405.21
2025-01-20,SMB,Organic,4027.53
2025-01-20,SMB,Paid,2779.96
2025-01-20,SMB,Referral,1105.13
2025-01-20,Self-serve,Organic,2187.26
2025-01-20,Self-serve,Paid,1595.92
2025-01-20,Self-serve,Referral,673.14
2025-01-21,Enterprise,Organic,4776.59
2025-01-21,Enterprise,Paid,3544.06
2025-01-21,Enterprise,Referral,1395.91
2025-01-21,SMB,Organic,3841.14
2025-01-21,SMB,Paid,2799.30
2025-01-21,SMB,Referral,1160.74
2025-01-21,Self-serve,Organic,2176.63
2025-01-21,Self-serve,Paid,1588.07
2025-01-21,Self-serve,Referral,682.30
2025-01-22,Enterprise,Organic,5076.99
2025-01-22,Enterprise,Paid,3509.20
2025-01-22,Enterprise,Referral,1513.04
2025-01-22,SMB,Organic,3882.99
2025-01-22,SMB,Paid,2680.80
2025-01-22,SMB,Referral,1142.89
2025-01-22,Self-serve,Organic,2155.66
2025-01-22,Self-serve,Paid,1464.50
2025-01-22,Self-serve,Referral,632.67
2025-01-23,Enterprise,Organic,4848.86
2025-01-23,Enterprise,Paid,3447.96
2025-01-23,Enterprise,Referral,1530.48
2025-01-23,SMB,Organic,3798.74
2025-01-23,SMB,Paid,2742.61
2025-01-23,SMB,Referral,1178.00
2025-01-23,Self-serve,Organic,2158.34
2025-01-23,Self-serve,Paid,1548.55
2025-01-23,Self-serve,Referral,647.27
2025-01-24,Enterprise,Organic,4993.60
2025-01-24,Enterprise,Paid,3426.30
2025-01-24,Enterprise,Referral,1389.47
2025-01-24,SMB,Organic,3753.84
2025-01-24,SMB,Paid,2744.31
2025-01-24,SMB,Referral,1114.63
2025-01-24,Self-serve,Organic,2163.38
2025-01-24,Self-serve,Paid,1518.77
2025-01-24,Self-serve,Referral,620.50
2025-01-25,Enterprise,Organic,3943.06
2025-01-25,Enterprise,Paid,2604.82
2025-01-25,Enterprise,Referral,1143.20
2025-01-25,SMB,Organic,3118.03
2025-01-25,SMB,Paid,2137.01
2025-01-25,SMB,Referral,897.89
2025-01-25,Self-serve,Organic,1749.15
2025-01-25,Self-serve,Paid,1206.04
2025-01-25,Self-serve,Referral,518.00
2025-01-26,Enterprise,Organic,3964.31
2025-01-26,Enterprise,Paid,2662.01
2025-01-26,Enterprise,Referral,1167.72
2025-01-26,SMB,Organic,2995.44
2025-01-26,SMB,Paid,2015.95
2025-01-26,SMB,Referral,882.08
2025-01-26,Self-serve,Organic,1809.16
2025-01-26,Self-serve,Paid,1223.47
2025-01-26,Self-serve,Referral,497.78
2025-01-27,Enterprise,Organic,4772.57
2025-01-27,Enterprise,Paid,3490.88
2025-01-27,Enterprise,Referral,1571.45
2025-01-27,SMB,Organic,3870.04
2025-01-27,SMB,Paid,2831.11
2025-01-27,SMB,Referral,1179.88
2025-01-27,Self-serve,Organic,2255.35
2025-01-27,Self-serve,Paid,1494.36
2025-01-27,Self-serve,Referral,685.94
2025-01-28,Enterprise,Organic,4958.80
2025-01-28,Enterprise,Paid,3597.18
2025-01-28,Enterprise,Referral,1466.03
2025-01-28,SMB,Organic,3916.68
2025-01-28,SMB,Paid,2755.99
2025-01-28,SMB,Referral,1163.40
2025-01-28,Self-serve,Organic,2253.30
2025-01-28,Self-serve,Paid,1545.94
2025-01-28,Self-serve,Referral,654.88
2025-01-29,Enterprise,Organic,5158.64
2025-01-29,Enterprise,Paid,3553.53
2025-01-29,Enterprise,Referral,1442.78
2025-01-29,SMB,Organic,3893.19
2025-01-29,SMB,Paid,2619.83
2025-01-29,SMB,Referral,1107.56
2025-01-29,Self-serve,Organic,2255.22
2025-01-29,Self-serve,Paid,1452.89
2025-01-29,Self-serve,Referral,674.46
2025-01-30,Enterprise,Organic,4889.47
2025-01-30,Enterprise,Paid,3426.89
2025-01-30,Enterprise,Referral,1496.22
2025-01-30,SMB,Organic,3898.79
2025-01-30,SMB,Paid,2615.88
2025-01-30,SMB,Referral,1174.34
2025-01-30,Self-serve,Organic,2197.15
2025-01-30,Self-serve,Paid,1475.03
2025-01-30,Self-serve,Referral,653.56
2025-01-31,Enterprise,Organic,5039.51
2025-01-31,Enterprise,Paid,3557.67
2025-01-31,Enterprise,Referral,1482.94
2025-01-31,SMB,Organic,3629.26
2025-01-31,SMB,Paid,2673.34
2025-01-31,SMB,Referral,1157.92
2025-01-31,Self-serve,Organic,2197.49
2025-01-31,Self-serve,Paid,1540.92
2025-01-31,Self-serve,Referral,652.23
2025-02-01,Enterprise,Organic,3904.06
2025-02-01,Enterprise,Paid,2688.81
2025-02-01,Enterprise,Referral,1106.94
2025-02-01,SMB,Organic,3074.11
2025-02-01,SMB,Paid,2142.06
2025-02-01,SMB,Referral,928.20
2025-02-01,Self-serve,Organic,1669.14
2025-02-01,Self-serve,Paid,1240.79
2025-02-01,Self-serve,Referral,553.83
2025-02-02,Enterprise,Organic,3925.92
2025-02-02,Enterprise,Paid,2736.62
2025-02-02,Enterprise,Referral,1185.90
2025-02-02,SMB,Organic,3232.06
2025-02-02,SMB,Paid,2066.94
2025-02-02,SMB,Referral,919.47
2025-02-02,Self-serve,Organic,1699.00
2025-02-02,Self-serve,Paid,1198.53
2025-02-02,Self-serve,Referral,521.45
2025-02-03,Enterprise,Organic,5244.84
2025-02-03,Enterprise,Paid,3719.42
2025-02-03,Enterprise,Referral,1532.66
2025-02-03,SMB,Organic,3876.55
2025-02-03,SMB,Paid,2949.84
2025-02-03,SMB,Referral,1161.17
2025-02-03,Self-serve,Organic,2202.09
2025-02-03,Self-serve,Paid,1484.83
2025-02-03,Self-serve,Referral,700.30
2025-02-04,Enterprise,Organic,5193.00
2025-02-04,Enterprise,Paid,3788.71
2025-02-04,Enterprise,Referral,1450.81
2025-02-04,SMB,Organic,4096.69
2025-02-04,SMB,Paid,2753.27
2025-02-04,SMB,Referral,1205.97
2025-02-04,Self-serve,Organic,2131.98
2025-02-04,Self-serve,Paid,1639.14
2025-02-04,Self-serve,Referral,688.73
2025-02-05,Enterprise,Organic,4952.40
2025-02-05,Enterprise,Paid,3537.90
2025-02-05,Enterprise,Referral,1453.30
2025-02-05,SMB,Organic,3789.33
2025-02-05,SMB,Paid,2661.93
2025-02-05,SMB,Referral,1092.61
2025-02-05,Self-serve,Organic,2260.61
2025-02-05,Self-serve,Paid,1597.69
2025-02-05,Self-serve,Referral,647.18
2025-02-06,Enterprise,Organic,5015.26
2025-02-06,Enterprise,Paid,3446.71
2025-02-06,Enterprise,Referral,1503.69
2025-02-06,SMB,Organic,3787.75
2025-02-06,SMB,Paid,2630.68
2025-02-06,SMB,Referral,1194.68
2025-02-06,Self-serve,Organic,2201.73
2025-02-06,Self-serve,Paid,1637.85
2025-02-06,Self-serve,Referral,662.71
2025-02-07,Enterprise,Organic,4739.46
2025-02-07,Enterprise,Paid,3538.03
2025-02-07,Enterprise,Referral,1490.14
2025-02-07,SMB,Organic,3874.26
2025-02-07,SMB,Paid,2748.91
2025-02-07,SMB,Referral,1115.20
2025-02-07,Self-serve,Organic,2158.35
2025-02-07,Self-serve,Paid,1508.83
2025-02-07,Self-serve,Referral,624.82
2025-02-08,Enterprise,Organic,3910.39
2025-02-08,Enterprise,Paid,2869.71
2025-02-08,Enterprise,Referral,1190.89
2025-02-08,SMB,Organic,2941.86
2025-02-08,SMB,Paid,2045.80
2025-02-08,SMB,Referral,965.63
2025-02-08,Self-serve,Organic,1747.06
2025-02-08,Self-serve,Paid,1202.45
2025-02-08,Self-serve,Referral,521.22
2025-02-09,Enterprise,Organic,3770.83
2025-02-09,Enterprise,Paid,2879.91
2025-02-09,Enterprise,Referral,1169.75
2025-02-09,SMB,Organic,3194.77
2025-02-09,SMB,Paid,2151.54
2025-02-09,SMB,Referral,960.15
2025-02-09,Self-serve,Organic,1767.15
2025-02-09,Self-serve,Paid,1258.97
2025-02-09,Self-serve,Referral,537.44
2025-02-10,Enterprise,Organic,5173.33
2025-02-10,Enterprise,Paid,3591.96
2025-02-10,Enterprise,Referral,1512.87
2025-02-10,SMB,Organic,4176.81
2025-02-10,SMB,Paid,2689.66
2025-02-10,SMB,Referral,1185.11
2025-02-10,Self-serve,Organic,2258.06
2025-02-10,Self-serve,Paid,1599.01
2025-02-10,Self-serve,Referral,668.39
2025-02-11,Enterprise,Organic,5131.70
2025-02-11,Enterprise,Paid,3540.56
2025-02-11,Enterprise,Referral,1452.73
2025-02-11,SMB,Organic,3955.12
2025-02-11,SMB,Paid,2676.40
2025-02-11,SMB,Referral,1124.48
2025-02-11,Self-serve,Organic,2268.70
2025-02-11,Self-serve,Paid,1604.74
2025-02-11,Self-serve,Referral,688.54
2025-02-12,Enterprise,Organic,5079.76
2025-02-12,Enterprise,Paid,3293.63
2025-02-12,Enterprise,Referral,1437.25
2025-02-12,SMB,Organic,4114.83
2025-02-12,SMB,Paid,2633.95
2025-02-12,SMB,Referral,1186.81
2025-02-12,Self-serve,Organic,2174.15
2025-02-12,Self-serve,Paid,1557.65
2025-02-12,Self-serve,Referral,653.32
2025-02-13,Enterprise,Organic,5084.24
2025-02-13,Enterprise,Paid,3514.37
2025-02-13,Enterprise,Referral,1479.83
2025-02-13,SMB,Organic,3766.37
2025-02-13,SMB,Paid,2744.09
2025-02-13,SMB,Referral,1124.22
2025-02-13,Self-serve,Organic,2250.72
2025-02-13,Self-serve,Paid,1678.13
2025-02-13,Self-serve,Referral,693.67
2025-02-14,Enterprise,Organic,5016.62
2025-02-14,Enterprise,Paid,3428.73
2025-02-14,Enterprise,Referral,1387.55
2025-02-14,SMB,Organic,3667.99
2025-02-14,SMB,Paid,2776.55
2025-02-14,SMB,Referral,1118.70
2025-02-14,Self-serve,Organic,2136.79
2025-02-14,Self-serve,Paid,1520.21
2025-02-14,Self-serve,Referral,633.91
2025-02-15,Enterprise,Organic,3824.42
2025-02-15,Enterprise,Paid,2775.18
2025-02-15,Enterprise,Referral,1159.31
2025-02-15,SMB,Organic,3019.56
2025-02-15,SMB,Paid,2111.08
2025-02-15,SMB,Referral,940.98
2025-02-15,Self-serve,Organic,1752.40
2025-02-15,Self-serve,Paid,1228.67
2025-02-15,Self-serve,Referral,538.89
2025-02-16,Enterprise,Organic,3957.76
2025-02-16,Enterprise,Paid,2759.06
2025-02-16,Enterprise,Referral,1209.24
2025-02-16,SMB,Organic,3153.40
2025-02-16,SMB,Paid,2154.45
2025-02-16,SMB,Referral,929.67
2025-02-16,Self-serve,Organic,1725.10
2025-02-16,Self-serve,Paid,1204.64
2025-02-16,Self-serve,Referral,542.19
2025-02-17,Enterprise,Organic,5183.93
2025-02-17,Enterprise,Paid,3629.87
2025-02-17,Enterprise,Referral,1547.63
2025-02-17,SMB,Organic,3984.35
2025-02-17,SMB,Paid,2843.38
2025-02-17,SMB,Referral,1227.14
2025-02-17,Self-serve,Organic,2335.78
2025-02-17,Self-serve,Paid,1586.72
2025-02-17,Self-serve,Referral,710.47
2025-02-18,Enterprise,Organic,5156.07
2025-02-18,Enterprise,Paid,3652.69
2025-02-18,Enterprise,Referral,1549.29
2025-02-18,SMB,Organic,4012.50
2025-02-18,SMB,Paid,2726.55
2025-02-18,SMB,Referral,1220.04
2025-02-18,Self-serve,Organic,2470.26
2025-02-18,Self-serve,Paid,1575.28
2025-02-18,Self-serve,Referral,684.25
2025-02-19,Enterprise,Organic,4964.02
2025-02-19,Enterprise,Paid,3470.40
2025-02-19,Enterprise,Referral,1579.35
2025-02-19,SMB,Organic,3834.28
2025-02-19,SMB,Paid,2700.34
2025-02-19,SMB,Referral,1118.08
2025-02-19,Self-serve,Organic,2185.34
2025-02-19,Self-serve,Paid,1485.09
2025-02-19,Self-serve,Referral,683.56
2025-02-20,Enterprise,Organic,5459.63
2025-02-20,Enterprise,Paid,3486.84
2025-02-20,Enterprise,Referral,1435.43
2025-02-20,SMB,Organic,4023.12
2025-02-20,SMB,Paid,2682.35
2025-02-20,SMB,Referral,1221.02
2025-02-20,Self-serve,Organic,2219.55
2025-02-20,Self-serve,Paid,1537.24
2025-02-20,Self-serve,Referral,667.96
2025-02-21,Enterprise,Organic,5059.15
2025-02-21,Enterprise,Paid,3439.06
2025-02-21,Enterprise,Referral,1461.89
2025-02-21,SMB,Organic,3824.48
2025-02-21,SMB,Paid,2590.44
2025-02-21,SMB,Referral,1167.98
2025-02-21,Self-serve,Organic,2080.69
2025-02-21,Self-serve,Paid,1518.47
2025-02-21,Self-serve,Referral,674.59
2025-02-22,Enterprise,Organic,4035.91
2025-02-22,Enterprise,Paid,2849.27
2025-02-22,Enterprise,Referral,1197.52
2025-02-22,SMB,Organic,3219.93
2025-02-22,SMB,Paid,2237.94
2025-02-22,SMB,Referral,945.72
2025-02-22,Self-serve,Organic,1827.04
2025-02-22,Self-serve,Paid,1272.32
2025-02-22,Self-serve,Referral,526.24
2025-02-23,Enterprise,Organic,3842.28
2025-02-23,Enterprise,Paid,2837.93
2025-02-23,Enterprise,Referral,1220.79
2025-02-23,SMB,Organic,3215.85
2025-02-23,SMB,Paid,2118.56
2025-02-23,SMB,Referral,908.79
2025-02-23,Self-serve,Organic,1803.97
2025-02-23,Self-serve,Paid,1242.93
2025-02-23,Self-serve,Referral,503.63
2025-02-24,Enterprise,Organic,5210.92
2025-02-24,Enterprise,Paid,3406.60
2025-02-24,Enterprise,Referral,1502.04
2025-02-24,SMB,Organic,4170.36
2025-02-24,SMB,Paid,2959.08
2025-02-24,SMB,Referral,1158.50
2025-02-24,Self-serve,Organic,2267.56
2025-02-24,Self-serve,Paid,1605.18
2025-02-24,Self-serve,Referral,723.77
2025-02-25,Enterprise,Organic,5081.99
2025-02-25,Enterprise,Paid,3559.12
2025-02-25,Enterprise,Referral,1619.38
2025-02-25,SMB,Organic,3966.87
2025-02-25,SMB,Paid,2869.23
2025-02-25,SMB,Referral,1150.26
2025-02-25,Self-serve,Organic,2280.78
2025-02-25,Self-serve,Paid,1524.89
2025-02-25,Self-serve,Referral,665.99
2025-02-26,Enterprise,Organic,5195.55
2025-02-26,Enterprise,Paid,3542.26
2025-02-26,Enterprise,Referral,1505.83
2025-02-26,SMB,Organic,3853.21
2025-02-26,SMB,Paid,2740.96
2025-02-26,SMB,Referral,1193.21
2025-02-26,Self-serve,Organic,2318.85
2025-02-26,Self-serve,Paid,1452.53
2025-02-26,Self-serve,Referral,658.87
2025-02-27,Enterprise,Organic,5097.40
2025-02-27,Enterprise,Paid,3540.70
2025-02-27,Enterprise,Referral,1540.37
2025-02-27,SMB,Organic,3977.48
2025-02-27,SMB,Paid,2736.81
2025-02-27,SMB,Referral,1165.03
2025-02-27,Self-serve,Organic,2238.14
2025-02-27,Self-serve,Paid,1632.72
2025-02-27,Self-serve,Referral,661.57
2025-02-28,Enterprise,Organic,4973.21
2025-02-28,Enterprise,Paid,3507.00
2025-02-28,Enterprise,Referral,1564.75
2025-02-28,SMB,Organic,3840.44
2025-02-28,SMB,Paid,2790.78
2025-02-28,SMB,Referral,1205.58
2025-02-28,Self-serve,Organic,2210.25
2025-02-28,Self-serve,Paid,1540.34
2025-02-28,Self-serve,Referral,657.79
2025-03-01,Enterprise,Organic,3997.63
2025-03-01,Enterprise,Paid,2892.25
2025-03-01,Enterprise,Referral,1216.94
2025-03-01,SMB,Organic,3155.43
2025-03-01,SMB,Paid,2119.28
2025-03-01,SMB,Referral,912.71
2025-03-01,Self-serve,Organic,1905.60
2025-03-01,Self-serve,Paid,1246.64
2025-03-01,Self-serve,Referral,524.65
2025-03-02,Enterprise,Organic,4205.83
2025-03-02,Enterprise,Paid,2846.75
2025-03-02,Enterprise,Referral,1230.79
2025-03-02,SMB,Organic,3123.55
2025-03-02,SMB,Paid,2174.59
2025-03-02,SMB,Referral,936.17
2025-03-02,Self-serve,Organic,1717.96
2025-03-02,Self-serve,Paid,1251.31
2025-03-02,Self-serve,Referral,542.47
2025-03-03,Enterprise,Organic,5478.34
2025-03-03,Enterprise,Paid,3642.52
2025-03-03,Enterprise,Referral,1448.03
2025-03-03,SMB,Organic,4025.45
2025-03-03,SMB,Paid,3058.02
2025-03-03,SMB,Referral,1242.53
2025-03-03,Self-serve,Organic,2250.65
2025-03-03,Self-serve,Paid,1643.37
2025-03-03,Self-serve,Referral,676.62
2025-03-04,Enterprise,Organic,4984.53
2025-03-04,Enterprise,Paid,3598.87
2025-03-04,Enterprise,Referral,1562.94
2025-03-04,SMB,Organic,3814.02
2025-03-04,SMB,Paid,2731.16
2025-03-04,SMB,Referral,1212.67
2025-03-04,Self-serve,Organic,2280.85
2025-03-04,Self-serve,Paid,1635.54
2025-03-04,Self-serve,Referral,667.50
2025-03-05,Enterprise,Organic,5213.91
2025-03-05,Enterprise,Paid,3446.29
2025-03-05,Enterprise,Referral,1606.83
2025-03-05,SMB,Organic,3765.85
2025-03-05,SMB,Paid,2688.05
2025-03-05,SMB,Referral,1205.98
2025-03-05,Self-serve,Organic,2381.96
2025-03-05,Self-serve,Paid,1603.09
2025-03-05,Self-serve,Referral,692.10
2025-03-06,Enterprise,Organic,5112.47
2025-03-06,Enterprise,Paid,3466.71
2025-03-06,Enterprise,Referral,1510.39
2025-03-06,SMB,Organic,3829.78
2025-03-06,SMB,Paid,2675.27
2025-03-06,SMB,Referral,1206.65
2025-03-06,Self-serve,Organic,2194.49
2025-03-06,Self-serve,Paid,1604.95
2025-03-06,Self-serve,Referral,654.70
2025-03-07,Enterprise,Organic,5063.12
2025-03-07,Enterprise,Paid,3461.45
2025-03-07,Enterprise,Referral,1569.08
2025-03-07,SMB,Organic,3941.18
2025-03-07,SMB,Paid,2833.59
2025-03-07,SMB,Referral,1144.44
2025-03-07,Self-serve,Organic,2234.20
2025-03-07,Self-serve,Paid,1515.36
2025-03-07,Self-serve,Referral,660.83
2025-03-08,Enterprise,Organic,4025.64
2025-03-08,Enterprise,Paid,2778.43
2025-03-08,Enterprise,Referral,1172.88
2025-03-08,SMB,Organic,3022.04
2025-03-08,SMB,Paid,2054.05
2025-03-08,SMB,Referral,916.76
2025-03-08,Self-serve,Organic,1837.30
2025-03-08,Self-serve,Paid,1201.81
2025-03-08,Self-serve,Referral,518.80
2025-03-09,Enterprise,Organic,4279.91
2025-03-09,Enterprise,Paid,2788.89
2025-03-09,Enterprise,Referral,1230.24
2025-03-09,SMB,Organic,3219.96
2025-03-09,SMB,Paid,2255.32
2025-03-09,SMB,Referral,904.44
2025-03-09,Self-serve,Organic,1792.68
2025-03-09,Self-serve,Paid,1202.29
2025-03-09,Self-serve,Referral,581.30
2025-03-10,Enterprise,Organic,4977.38
2025-03-10,Enterprise,Paid,3544.22
2025-03-10,Enterprise,Referral,1519.29
2025-03-10,SMB,Organic,3883.28
2025-03-10,SMB,Paid,2961.57
2025-03-10,SMB,Referral,1308.39
2025-03-10,Self-serve,Organic,2290.17
2025-03-10,Self-serve,Paid,1561.91
2025-03-10,Self-serve,Referral,650.23
2025-03-11,Enterprise,Organic,5194.50
2025-03-11,Enterprise,Paid,3628.21
2025-03-11,Enterprise,Referral,1539.17
2025-03-11,SMB,Organic,4097.00
2025-03-11,SMB,Paid,2882.76
2025-03-11,SMB,Referral,1232.83
2025-03-11,Self-serve,Organic,2303.64
2025-03-11,Self-serve,Paid,1574.19
2025-03-11,Self-serve,Referral,711.65
2025-03-12,Enterprise,Organic,5143.08
2025-03-12,Enterprise,Paid,3694.71
2025-03-12,Enterprise,Referral,1578.90
2025-03-12,SMB,Organic,3828.11
2025-03-12,SMB,Paid,2678.63
2025-03-12,SMB,Referral,1172.41
2025-03-12,Self-serve,Organic,2212.55
2025-03-12,Self-serve,Paid,1635.71
2025-03-12,Self-serve,Referral,692.71
2025-03-13,Enterprise,Organic,5316.08
2025-03-13,Enterprise,Paid,3645.31
2025-03-13,Enterprise,Referral,1553.58
2025-03-13,SMB,Organic,4146.80
2025-03-13,SMB,Paid,2841.40
2025-03-13,SMB,Referral,1203.27
2025-03-13,Self-serve,Organic,2388.86
2025-03-13,Self-serve,Paid,1606.63
2025-03-13,Self-serve,Referral,679.92
2025-03-14,Enterprise,Organic,4927.36
2025-03-14,Enterprise,Paid,3612.70
2025-03-14,Enterprise,Referral,1572.59
2025-03-14,SMB,Organic,3925.23
2025-03-14,SMB,Paid,2859.82
2025-03-14,SMB,Referral,1109.66
2025-03-14,Self-serve,Organic,2242.66
2025-03-14,Self-serve,Paid,1570.59
2025-03-14,Self-serve,Referral,659.22
2025-03-15,Enterprise,Organic,4378.79
2025-03-15,Enterprise,Paid,2854.90
2025-03-15,Enterprise,Referral,1210.97
2025-03-15,SMB,Organic,3180.90
2025-03-15,SMB,Paid,2091.21
2025-03-15,SMB,Referral,931.79
2025-03-15,Self-serve,Organic,1869.82
2025-03-15,Self-serve,Paid,1247.38
2025-03-15,Self-serve,Referral,531.32
2025-03-16,Enterprise,Organic,4251.39
2025-03-16,Enterprise,Paid,2978.61
2025-03-16,Enterprise,Referral,1246.24
2025-03-16,SMB,Organic,3138.20
2025-03-16,SMB,Paid,2211.15
2025-03-16,SMB,Referral,931.47
2025-03-16,Self-serve,Organic,1763.82
2025-03-16,Self-serve,Paid,1232.78
2025-03-16,Self-serve,Referral,535.31
2025-03-17,Enterprise,Organic,5101.35
2025-03-17,Enterprise,Paid,3512.46
2025-03-17,Enterprise,Referral,1589.83
2025-03-17,SMB,Organic,4123.65
2025-03-17,SMB,Paid,3012.63
2025-03-17,SMB,Referral,1203.82
2025-03-17,Self-serve,Organic,2360.69
2025-03-17,Self-serve,Paid,1653.30
2025-03-17,Self-serve,Referral,696.62
2025-03-18,Enterprise,Organic,5387.79
2025-03-18,Enterprise,Paid,3774.87
2025-03-18,Enterprise,Referral,1596.56
2025-03-18,SMB,Organic,4067.53
2025-03-18,SMB,Paid,2838.50
2025-03-18,SMB,Referral,1179.23
2025-03-18,Self-serve,Organic,2285.64
2025-03-18,Self-serve,Paid,1608.99
2025-03-18,Self-serve,Referral,678.99
2025-03-19,Enterprise,Organic,5246.07
2025-03-19,Enterprise,Paid,3754.53
2025-03-19,Enterprise,Referral,1511.01
2025-03-19,SMB,Organic,4061.37
2025-03-19,SMB,Paid,2731.54
2025-03-19,SMB,Referral,1197.09
2025-03-19,Self-serve,Organic,2253.56
2025-03-19,Self-serve,Paid,1639.94
2025-03-19,Self-serve,Referral,676.31
2025-03-20,Enterprise,Organic,5340.27
2025-03-20,Enterprise,Paid,3601.33
2025-03-20,Enterprise,Referral,1524.59
2025-03-20,SMB,Organic,3879.63
2025-03-20,SMB,Paid,2843.27
2025-03-20,SMB,Referral,1241.84
2025-03-20,Self-serve,Organic,2322.43
2025-03-20,Self-serve,Paid,1720.78
2025-03-20,Self-serve,Referral,720.70
2025-03-21,Enterprise,Organic,5043.34
2025-03-21,Enterprise,Paid,3529.21
2025-03-21,Enterprise,Referral,1548.61
2025-03-21,SMB,Organic,3859.59
2025-03-21,SMB,Paid,2868.35
2025-03-21,SMB,Referral,1200.62
2025-03-21,Self-serve,Organic,2279.76
2025-03-21,Self-serve,Paid,1616.29
2025-03-21,Self-serve,Referral,713.79
2025-03-22,Enterprise,Organic,4136.65
2025-03-22,Enterprise,Paid,2871.11
2025-03-22,Enterprise,Referral,1290.54
2025-03-22,SMB,Organic,3293.89
2025-03-22,SMB,Paid,2219.11
2025-03-22,SMB,Referral,960.44
2025-03-22,Self-serve,Organic,1839.85
2025-03-22,Self-serve,Paid,1294.29
2025-03-22,Self-serve,Referral,526.41
2025-03-23,Enterprise,Organic,3929.05
2025-03-23,Enterprise,Paid,2807.01
2025-03-23,Enterprise,Referral,1200.13
2025-03-23,SMB,Organic,3142.31
2025-03-23,SMB,Paid,2285.65
2025-03-23,SMB,Referral,956.39
2025-03-23,Self-serve,Organic,1841.76
2025-03-23,Self-serve,Paid,1234.60
2025-03-23,Self-serve,Referral,541.68
2025-03-24,Enterprise,Organic,5395.47
2025-03-24,Enterprise,Paid,3777.69
2025-03-24,Enterprise,Referral,1556.04
2025-03-24,SMB,Organic,4143.82
2025-03-24,SMB,Paid,3077.10
2025-03-24,SMB,Referral,1236.49
2025-03-24,Self-serve,Organic,2307.47
2025-03-24,Self-serve,Paid,1640.93
2025-03-24,Self-serve,Referral,708.90
2025-03-25,Enterprise,Organic,6075.81
2025-03-25,Enterprise,Paid,4268.43
2025-03-25,Enterprise,Referral,1751.76
2025-03-25,SMB,Organic,4610.07
2025-03-25,SMB,Paid,3308.13
2025-03-25,SMB,Referral,1417.09
2025-03-25,Self-serve,Organic,2666.59
2025-03-25,Self-serve,Paid,1888.78
2025-03-25,Self-serve,Referral,815.29
2025-03-26,Enterprise,Organic,6156.48
2025-03-26,Enterprise,Paid,4185.04
2025-03-26,Enterprise,Referral,1820.48
2025-03-26,SMB,Organic,4588.15
2025-03-26,SMB,Paid,3320.78
2025-03-26,SMB,Referral,1414.95
2025-03-26,Self-serve,Organic,2734.33
2025-03-26,Self-serve,Paid,1905.50
2025-03-26,Self-serve,Referral,813.65
2025-03-27,Enterprise,Organic,5984.77
2025-03-27,Enterprise,Paid,4232.62
2025-03-27,Enterprise,Referral,1858.20
2025-03-27,SMB,Organic,4577.27
2025-03-27,SMB,Paid,3206.41
2025-03-27,SMB,Referral,1408.20
2025-03-27,Self-serve,Organic,2701.01
2025-03-27,Self-serve,Paid,1821.27
2025-03-27,Self-serve,Referral,798.54
2025-03-28,Enterprise,Organic,5878.51
2025-03-28,Enterprise,Paid,3852.35
2025-03-28,Enterprise,Referral,1756.89
2025-03-28,SMB,Organic,4563.46
2025-03-28,SMB,Paid,3194.14
2025-03-28,SMB,Referral,1433.96
2025-03-28,Self-serve,Organic,2524.50
2025-03-28,Self-serve,Paid,1788.67
2025-03-28,Self-serve,Referral,724.42
2025-03-29,Enterprise,Organic,4697.45
2025-03-29,Enterprise,Paid,3296.75
2025-03-29,Enterprise,Referral,1407.99
2025-03-29,SMB,Organic,3830.24
2025-03-29,SMB,Paid,2661.94
2025-03-29,SMB,Referral,1114.71
2025-03-29,Self-serve,Organic,2094.77
2025-03-29,Self-serve,Paid,1528.47
2025-03-29,Self-serve,Referral,635.12
2025-03-30,Enterprise,Organic,4653.86
2025-03-30,Enterprise,Paid,3167.73
2025-03-30,Enterprise,Referral,1412.34
2025-03-30,SMB,Organic,3794.77
2025-03-30,SMB,Paid,2774.94
2025-03-30,SMB,Referral,1115.29
2025-03-30,Self-serve,Organic,2071.75
2025-03-30,Self-serve,Paid,1431.54
2025-03-30,Self-serve,Referral,646.66
2025-03-31,Enterprise,Organic,5815.19
2025-03-31,Enterprise,Paid,4369.14
2025-03-31,Enterprise,Referral,1887.26
2025-03-31,SMB,Organic,4838.25
2025-03-31,SMB,Paid,3320.99
2025-03-31,SMB,Referral,1457.01
2025-03-31,Self-serve,Organic,2742.99
2025-03-31,Self-serve,Paid,1865.70
2025-03-31,Self-serve,Referral,864.15
2025-04-01,Enterprise,Organic,6081.52
2025-04-01,Enterprise,Paid,4402.59
2025-04-01,Enterprise,Referral,1710.12
2025-04-01,SMB,Organic,4963.57
2025-04-01,SMB,Paid,3493.81
2025-04-01,SMB,Referral,1435.44
2025-04-01,Self-serve,Organic,2777.51
2025-04-01,Self-serve,Paid,1944.24
2025-04-01,Self-serve,Referral,803.71
2025-04-02,Enterprise,Organic,6137.67
2025-04-02,Enterprise,Paid,4124.45
2025-04-02,Enterprise,Referral,1778.48
2025-04-02,SMB,Organic,4855.44
2025-04-02,SMB,Paid,3383.79
2025-04-02,SMB,Referral,1379.14
2025-04-02,Self-serve,Organic,2624.74
2025-04-02,Self-serve,Paid,1842.28
2025-04-02,Self-serve,Referral,822.84
2025-04-03,Enterprise,Organic,5863.24
2025-04-03,Enterprise,Paid,4276.48
2025-04-03,Enterprise,Referral,1854.00
2025-04-03,SMB,Organic,4688.89
2025-04-03,SMB,Paid,3390.65
2025-04-03,SMB,Referral,1397.52
2025-04-03,Self-serve,Organic,2669.24
2025-04-03,Self-serve,Paid,1825.40
2025-04-03,Self-serve,Referral,830.54
2025-04-04,Enterprise,Organic,5799.91
2025-04-04,Enterprise,Paid,4199.10
2025-04-04,Enterprise,Referral,1777.12
2025-04-04,SMB,Organic,4471.39
2025-04-04,SMB,Paid,3172.99
2025-04-04,SMB,Referral,1442.63
2025-04-04,Self-serve,Organic,2654.37
2025-04-04,Self-serve,Paid,1790.97
2025-04-04,Self-serve,Referral,798.77
2025-04-05,Enterprise,Organic,4778.53
2025-04-05,Enterprise,Paid,3707.83
2025-04-05,Enterprise,Referral,1452.19
2025-04-05,SMB,Organic,3690.37
2025-04-05,SMB,Paid,2724.42
2025-04-05,SMB,Referral,1058.05
2025-04-05,Self-serve,Organic,2139.18
2025-04-05,Self-serve,Paid,1582.54
2025-04-05,Self-serve,Referral,637.71
2025-04-06,Enterprise,Organic,4554.51
2025-04-06,Enterprise,Paid,3323.09
2025-04-06,Enterprise,Referral,1504.19
2025-04-06,SMB,Organic,3778.86
2025-04-06,SMB,Paid,2549.86
2025-04-06,SMB,Referral,1097.96
2025-04-06,Self-serve,Organic,2099.40
2025-04-06,Self-serve,Paid,1510.88
2025-04-06,Self-serve,Referral,666.29
2025-04-07,Enterprise,Organic,6378.34
2025-04-07,Enterprise,Paid,4387.39
2025-04-07,Enterprise,Referral,1780.83
2025-04-07,SMB,Organic,4617.51
2025-04-07,SMB,Paid,3420.22
2025-04-07,SMB,Referral,1384.49
2025-04-07,Self-serve,Organic,2729.46
2025-04-07,Self-serve,Paid,1941.19
2025-04-07,Self-serve,Referral,796.28
2025-04-08,Enterprise,Organic,5999.06
2025-04-08,Enterprise,Paid,4320.24
2025-04-08,Enterprise,Referral,1884.83
2025-04-08,SMB,Organic,4967.16
2025-04-08,SMB,Paid,3431.07
2025-04-08,SMB,Referral,1447.35
2025-04-08,Self-serve,Organic,2689.20
2025-04-08,Self-serve,Paid,1863.68
2025-04-08,Self-serve,Referral,812.58
2025-04-09,Enterprise,Organic,6155.42
2025-04-09,Enterprise,Paid,4299.43
2025-04-09,Enterprise,Referral,1709.27
2025-04-09,SMB,Organic,4617.91
2025-04-09,SMB,Paid,3430.20
2025-04-09,SMB,Referral,1422.19
2025-04-09,Self-serve,Organic,2587.62
2025-04-09,Self-serve,Paid,2025.45
2025-04-09,Self-serve,Referral,810.05
2025-04-10,Enterprise,Organic,6156.83
2025-04-10,Enterprise,Paid,4311.72
2025-04-10,Enterprise,Referral,1805.86
2025-04-10,SMB,Organic,4630.73
2025-04-10,SMB,Paid,3524.77
2025-04-10,SMB,Referral,1462.96
2025-04-10,Self-serve,Organic,2771.88
2025-04-10,Self-serve,Paid,1926.36
2025-04-10,Self-serve,Referral,787.13
2025-04-11,Enterprise,Organic,6206.81
2025-04-11,Enterprise,Paid,4078.55
2025-04-11,Enterprise,Referral,1808.55
2025-04-11,SMB,Organic,4420.67
2025-04-11,SMB,Paid,3055.27
2025-04-11,SMB,Referral,1408.12
2025-04-11,Self-serve,Organic,2592.27
2025-04-11,Self-serve,Paid,1748.75
2025-04-11,Self-serve,Referral,809.95
2025-04-12,Enterprise,Organic,5140.30
2025-04-12,Enterprise,Paid,3524.07
2025-04-12,Enterprise,Referral,1438.68
2025-04-12,SMB,Organic,3759.93
2025-04-12,SMB,Paid,2701.33
2025-04-12,SMB,Referral,1165.64
2025-04-12,Self-serve,Organic,2125.82
2025-04-12,Self-serve,Paid,1505.11
2025-04-12,Self-serve,Referral,650.20
2025-04-13,Enterprise,Organic,4918.06
2025-04-13,Enterprise,Paid,3372.85
2025-04-13,Enterprise,Referral,1446.07
2025-04-13,SMB,Organic,3918.39
2025-04-13,SMB,Paid,2729.42
2025-04-13,SMB,Referral,1144.96
2025-04-13,Self-serve,Organic,2260.96
2025-04-13,Self-serve,Paid,1487.61
2025-04-13,Self-serve,Referral,676.43
2025-04-14,Enterprise,Organic,6327.32
2025-04-14,Enterprise,Paid,4785.87
2025-04-14,Enterprise,Referral,1800.98
2025-04-14,SMB,Organic,4742.30
2025-04-14,SMB,Paid,3432.30
2025-04-14,SMB,Referral,1470.04
2025-04-14,Self-serve,Organic,2929.00
2025-04-14,Self-serve,Paid,1898.14
2025-04-14,Self-serve,Referral,852.67
2025-04-15,Enterprise,Organic,6449.46
2025-04-15,Enterprise,Paid,4454.70
2025-04-15,Enterprise,Referral,1815.73
2025-04-15,SMB,Organic,5051.91
2025-04-15,SMB,Paid,3518.18
2025-04-15,SMB,Referral,1480.32
2025-04-15,Self-serve,Organic,2786.81
2025-04-15,Self-serve,Paid,1952.03
2025-04-15,Self-serve,Referral,828.99
2025-04-16,Enterprise,Organic,6240.42
2025-04-16,Enterprise,Paid,4289.91
2025-04-16,Enterprise,Referral,1790.06
2025-04-16,SMB,Organic,4612.31
2025-04-16,SMB,Paid,3258.27
2025-04-16,SMB,Referral,1438.15
2025-04-16,Self-serve,Organic,2719.01
2025-04-16,Self-serve,Paid,1917.15
2025-04-16,Self-serve,Referral,828.63
2025-04-17,Enterprise,Organic,6013.39
2025-04-17,Enterprise,Paid,4478.75
2025-04-17,Enterprise,Referral,1823.85
2025-04-17,SMB,Organic,4704.81
2025-04-17,SMB,Paid,3385.04
2025-04-17,SMB,Referral,1351.25
2025-04-17,Self-serve,Organic,2659.28
2025-04-17,Self-serve,Paid,1962.84
2025-04-17,Self-serve,Referral,774.57
2025-04-18,Enterprise,Organic,6220.79
2025-04-18,Enterprise,Paid,4404.30
2025-04-18,Enterprise,Referral,1785.68
2025-04-18,SMB,Organic,4722.42
2025-04-18,SMB,Paid,3387.02
2025-04-18,SMB,Referral,1384.76
2025-04-18,Self-serve,Organic,2744.75
2025-04-18,Self-serve,Paid,1834.87
2025-04-18,Self-serve,Referral,791.03
2025-04-19,Enterprise,Organic,4749.56
2025-04-19,Enterprise,Paid,3441.40
2025-04-19,Enterprise,Referral,1510.59
2025-04-19,SMB,Organic,3763.96
2025-04-19,SMB,Paid,2548.37
2025-04-19,SMB,Referral,1098.58
2025-04-19,Self-serve,Organic,2188.38
2025-04-19,Self-serve,Paid,1597.70
2025-04-19,Self-serve,Referral,656.50
2025-04-20,Enterprise,Organic,4814.48
2025-04-20,Enterprise,Paid,3488.09
2025-04-20,Enterprise,Referral,1450.81
2025-04-20,SMB,Organic,3745.58
2025-04-20,SMB,Paid,2575.75
2025-04-20,SMB,Referral,1184.60
2025-04-20,Self-serve,Organic,1999.98
2025-04-20,Self-serve,Paid,1551.70
2025-04-20,Self-serve,Referral,640.43
2025-04-21,Enterprise,Organic,6191.70
2025-04-21,Enterprise,Paid,4610.99
2025-04-21,Enterprise,Referral,1840.37
2025-04-21,SMB,Organic,4776.31
2025-04-21,SMB,Paid,3399.70
2025-04-21,SMB,Referral,1480.90
2025-04-21,Self-serve,Organic,2749.23
2025-04-21,Self-serve,Paid,1858.23
2025-04-21,Self-serve,Referral,814.14
2025-04-22,Enterprise,Organic,6516.20
2025-04-22,Enterprise,Paid,4402.35
2025-04-22,Enterprise,Referral,1907.97
2025-04-22,SMB,Organic,4842.27
2025-04-22,SMB,Paid,3348.79
2025-04-22,SMB,Referral,1537.85
2025-04-22,Self-serve,Organic,2773.14
2025-04-22,Self-serve,Paid,1926.25
2025-04-22,Self-serve,Referral,864.18
2025-04-23,Enterprise,Organic,6031.20
2025-04-23,Enterprise,Paid,4238.37
2025-04-23,Enterprise,Referral,1850.01
2025-04-23,SMB,Organic,4794.88
2025-04-23,SMB,Paid,3382.53
2025-04-23,SMB,Referral,1528.72
2025-04-23,Self-serve,Organic,2767.55
2025-04-23,Self-serve,Paid,1781.11
2025-04-23,Self-serve,Referral,830.02
2025-04-24,Enterprise,Organic,6177.82
2025-04-24,Enterprise,Paid,4325.20
2025-04-24,Enterprise,Referral,1864.90
2025-04-24,SMB,Organic,4795.39
2025-04-24,SMB,Paid,3354.36
2025-04-24,SMB,Referral,1466.34
2025-04-24,Self-serve,Organic,2697.98
2025-04-24,Self-serve,Paid,1865.23
2025-04-24,Self-serve,Referral,897.41
2025-04-25,Enterprise,Organic,5930.13
2025-04-25,Enterprise,Paid,4254.94
2025-04-25,Enterprise,Referral,1736.51
2025-04-25,SMB,Organic,4730.02
2025-04-25,SMB,Paid,3207.11
2025-04-25,SMB,Referral,1395.29
2025-04-25,Self-serve,Organic,2777.90
2025-04-25,Self-serve,Paid,1912.12
2025-04-25,Self-serve,Referral,821.82
2025-04-26,Enterprise,Organic,4639.26
2025-04-26,Enterprise,Paid,3618.72
2025-04-26,Enterprise,Referral,1417.32
2025-04-26,SMB,Organic,3985.56
2025-04-26,SMB,Paid,2749.31
2025-04-26,SMB,Referral,1163.04
2025-04-26,Self-serve,Organic,2121.75
2025-04-26,Self-serve,Paid,1531.25
2025-04-26,Self-serve,Referral,644.05
2025-04-27,Enterprise,Organic,4908.64
2025-04-27,Enterprise,Paid,3407.32
2025-04-27,Enterprise,Referral,1381.33
2025-04-27,SMB,Organic,3942.88
2025-04-27,SMB,Paid,2663.66
2025-04-27,SMB,Referral,1127.71
2025-04-27,Self-serve,Organic,2143.08
2025-04-27,Self-serve,Paid,1542.21
2025-04-27,Self-serve,Referral,636.38
2025-04-28,Enterprise,Organic,5884.72
2025-04-28,Enterprise,Paid,4472.18
2025-04-28,Enterprise,Referral,1923.01
2025-04-28,SMB,Organic,4879.73
2025-04-28,SMB,Paid,3318.05
2025-04-28,SMB,Referral,1476.67
2025-04-28,Self-serve,Organic,2681.97
2025-04-28,Self-serve,Paid,1903.14
2025-04-28,Self-serve,Referral,822.61
2025-04-29,Enterprise,Organic,6477.82
2025-04-29,Enterprise,Paid,4374.40
2025-04-29,Enterprise,Referral,1869.89
2025-04-29,SMB,Organic,5202.05
2025-04-29,SMB,Paid,3476.10
2025-04-29,SMB,Referral,1489.16
2025-04-29,Self-serve,Organic,2776.80
2025-04-29,Self-serve,Paid,1930.39
2025-04-29,Self-serve,Referral,787.13
2025-04-30,Enterprise,Organic,6387.27
2025-04-30,Enterprise,Paid,4403.25
2025-04-30,Enterprise,Referral,1852.06
2025-04-30,SMB,Organic,4807.70
2025-04-30,SMB,Paid,3453.93
2025-04-30,SMB,Referral,1380.72
2025-04-30,Self-serve,Organic,2709.80
2025-04-30,Self-serve,Paid,1865.20
2025-04-30,Self-serve,Referral,871.57
2025-05-01,Enterprise,Organic,6376.10
2025-05-01,Enterprise,Paid,4061.64
2025-05-01,Enterprise,Referral,1779.22
2025-05-01,SMB,Organic,4813.06
2025-05-01,SMB,Paid,3334.63
2025-05-01,SMB,Referral,1392.08
2025-05-01,Self-serve,Organic,2922.39
2025-05-01,Self-serve,Paid,1951.02
2025-05-01,Self-serve,Referral,840.19
2025-05-02,Enterprise,Organic,5974.89
2025-05-02,Enterprise,Paid,4363.64
2025-05-02,Enterprise,Referral,1809.58
2025-05-02,SMB,Organic,4705.32
2025-05-02,SMB,Paid,3382.86
2025-05-02,SMB,Referral,1354.12
2025-05-02,Self-serve,Organic,2841.73
2025-05-02,Self-serve,Paid,1908.65
2025-05-02,Self-serve,Referral,844.81
2025-05-03,Enterprise,Organic,4773.80
2025-05-03,Enterprise,Paid,3357.43
2025-05-03,Enterprise,Referral,1428.30
2025-05-03,SMB,Organic,3865.55
2025-05-03,SMB,Paid,2691.03
2025-05-03,SMB,Referral,1134.99
2025-05-03,Self-serve,Organic,2125.72
2025-05-03,Self-serve,Paid,1476.38
2025-05-03,Self-serve,Referral,656.77
2025-05-04,Enterprise,Organic,4868.75
2025-05-04,Enterprise,Paid,3385.31
2025-05-04,Enterprise,Referral,1550.07
2025-05-04,SMB,Organic,3830.96
2025-05-04,SMB,Paid,2790.74
2025-05-04,SMB,Referral,1133.70
2025-05-04,Self-serve,Organic,2210.66
2025-05-04,Self-serve,Paid,1533.62
2025-05-04,Self-serve,Referral,624.83
2025-05-05,Enterprise,Organic,6626.91
2025-05-05,Enterprise,Paid,4430.20
2025-05-05,Enterprise,Referral,1949.07
2025-05-05,SMB,Organic,4830.97
2025-05-05,SMB,Paid,3442.63
2025-05-05,SMB,Referral,1444.18
2025-05-05,Self-serve,Organic,2929.00
2025-05-05,Self-serve,Paid,1995.46
2025-05-05,Self-serve,Referral,856.61
2025-05-06,Enterprise,Organic,6619.91
2025-05-06,Enterprise,Paid,4606.98
2025-05-06,Enterprise,Referral,1952.04
2025-05-06,SMB,Organic,4736.23
2025-05-06,SMB,Paid,3390.79
2025-05-06,SMB,Referral,1439.47
2025-05-06,Self-serve,Organic,2888.70
2025-05-06,Self-serve,Paid,1989.03
2025-05-06,Self-serve,Referral,812.72
2025-05-07,Enterprise,Organic,6213.58
2025-05-07,Enterprise,Paid,4178.20
2025-05-07,Enterprise,Referral,1871.70
2025-05-07,SMB,Organic,4618.93
2025-05-07,SMB,Paid,3456.19
2025-05-07,SMB,Referral,1474.62
2025-05-07,Self-serve,Organic,2936.29
2025-05-07,Self-serve,Paid,1993.57
2025-05-07,Self-serve,Referral,822.62
2025-05-08,Enterprise,Organic,6408.48
2025-05-08,Enterprise,Paid,4194.89
2025-05-08,Enterprise,Referral,1822.31
2025-05-08,SMB,Organic,4913.60
2025-05-08,SMB,Paid,3184.99
2025-05-08,SMB,Referral,1457.87
2025-05-08,Self-serve,Organic,2694.90
2025-05-08,Self-serve,Paid,1951.91
2025-05-08,Self-serve,Referral,807.03
2025-05-09,Enterprise,Organic,6221.04
2025-05-09,Enterprise,Paid,4302.49
2025-05-09,Enterprise,Referral,1920.28
2025-05-09,SMB,Organic,4778.74
2025-05-09,SMB,Paid,3267.32
2025-05-09,SMB,Referral,1422.72
2025-05-09,Self-serve,Organic,2620.06
2025-05-09,Self-serve,Paid,1934.39
2025-05-09,Self-serve,Referral,833.54
2025-05-10,Enterprise,Organic,5334.18
2025-05-10,Enterprise,Paid,3411.56
2025-05-10,Enterprise,Referral,1477.92
2025-05-10,SMB,Organic,3795.96
2025-05-10,SMB,Paid,2721.08
2025-05-10,SMB,Referral,1172.07
2025-05-10,Self-serve,Organic,2203.71
2025-05-10,Self-serve,Paid,1595.42
2025-05-10,Self-serve,Referral,649.92
2025-05-11,Enterprise,Organic,5118.13
2025-05-11,Enterprise,Paid,3535.96
2025-05-11,Enterprise,Referral,1490.78
2025-05-11,SMB,Organic,3829.85
2025-05-11,SMB,Paid,2903.50
2025-05-11,SMB,Referral,1131.48
2025-05-11,Self-serve,Organic,2229.11
2025-05-11,Self-serve,Paid,1511.75
2025-05-11,Self-serve,Referral,698.31
2025-05-12,Enterprise,Organic,6567.69
2025-05-12,Enterprise,Paid,4387.11
2025-05-12,Enterprise,Referral,1948.76
2025-05-12,SMB,Organic,5014.29
2025-05-12,SMB,Paid,3429.10
2025-05-12,SMB,Referral,1526.70
2025-05-12,Self-serve,Organic,2876.54
2025-05-12,Self-serve,Paid,2003.21
2025-05-12,Self-serve,Referral,851.93
2025-05-13,Enterprise,Organic,6486.43
2025-05-13,Enterprise,Paid,4513.38
2025-05-13,Enterprise,Referral,1924.49
2025-05-13,SMB,Organic,4884.81
2025-05-13,SMB,Paid,3663.57
2025-05-13,SMB,Referral,1447.09
2025-05-13,Self-serve,Organic,2882.56
2025-05-13,Self-serve,Paid,1973.10
2025-05-13,Self-serve,Referral,898.89
2025-05-14,Enterprise,Organic,6120.53
2025-05-14,Enterprise,Paid,4306.59
2025-05-14,Enterprise,Referral,1832.40
2025-05-14,SMB,Organic,4940.51
2025-05-14,SMB,Paid,3284.04
2025-05-14,SMB,Referral,1446.84
2025-05-14,Self-serve,Organic,2615.48
2025-05-14,Self-serve,Paid,1971.33
2025-05-14,Self-serve,Referral,826.22
2025-05-15,Enterprise,Organic,6015.94
2025-05-15,Enterprise,Paid,4551.50
2025-05-15,Enterprise,Referral,1815.01
2025-05-15,SMB,Organic,5014.80
2025-05-15,SMB,Paid,3356.29
2025-05-15,SMB,Referral,1539.91
2025-05-15,Self-serve,Organic,2861.62
2025-05-15,Self-serve,Paid,1899.84
2025-05-15,Self-serve,Referral,816.51
2025-05-16,Enterprise,Organic,6296.48
2025-05-16,Enterprise,Paid,4294.82
2025-05-16,Enterprise,Referral,1845.82
2025-05-16,SMB,Organic,4993.47
2025-05-16,SMB,Paid,3291.30
2025-05-16,SMB,Referral,1446.92
2025-05-16,Self-serve,Organic,2827.22
2025-05-16,Self-serve,Paid,1970.66
2025-05-16,Self-serve,Referral,820.60
2025-05-17,Enterprise,Organic,4956.31
2025-05-17,Enterprise,Paid,3317.19
2025-05-17,Enterprise,Referral,1452.37
2025-05-17,SMB,Organic,3925.75
2025-05-17,SMB,Paid,2710.77
2025-05-17,SMB,Referral,1169.21
2025-05-17,Self-serve,Organic,2291.34
2025-05-17,Self-serve,Paid,1500.04
2025-05-17,Self-serve,Referral,661.90
2025-05-18,Enterprise,Organic,5032.74
2025-05-18,Enterprise,Paid,3429.08
2025-05-18,Enterprise,Referral,1565.80
2025-05-18,SMB,Organic,3998.41
2025-05-18,SMB,Paid,2748.34
2025-05-18,SMB,Referral,1230.55
2025-05-18,Self-serve,Organic,2124.17
2025-05-18,Self-serve,Paid,1556.57
2025-05-18,Self-serve,Referral,674.59
2025-05-19,Enterprise,Organic,6263.66
2025-05-19,Enterprise,Paid,4548.93
2025-05-19,Enterprise,Referral,1867.97
2025-05-19,SMB,Organic,5112.95
2025-05-19,SMB,Paid,3617.70
2025-05-19,SMB,Referral,1515.03
2025-05-19,Self-serve,Organic,2703.28
2025-05-19,Self-serve,Paid,1945.56
2025-05-19,Self-serve,Referral,873.26
2025-05-20,Enterprise,Organic,6450.59
2025-05-20,Enterprise,Paid,4147.84
2025-05-20,Enterprise,Referral,2006.05
2025-05-20,SMB,Organic,5034.49
2025-05-20,SMB,Paid,3423.51
2025-05-20,SMB,Referral,1549.08
2025-05-20,Self-serve,Organic,2806.87
2025-05-20,Self-serve,Paid,1964.15
2025-05-20,Self-serve,Referral,868.77
2025-05-21,Enterprise,Organic,6671.51
2025-05-21,Enterprise,Paid,4649.12
2025-05-21,Enterprise,Referral,1920.44
2025-05-21,SMB,Organic,4994.09
2025-05-21,SMB,Paid,3529.91
2025-05-21,SMB,Referral,1422.00
2025-05-21,Self-serve,Organic,2869.11
2025-05-21,Self-serve,Paid,1926.91
2025-05-21,Self-serve,Referral,852.48
2025-05-22,Enterprise,Organic,6295.88
2025-05-22,Enterprise,Paid,4504.12
2025-05-22,Enterprise,Referral,1908.48
2025-05-22,SMB,Organic,4475.90
2025-05-22,SMB,Paid,3469.83
2025-05-22,SMB,Referral,1507.63
2025-05-22,Self-serve,Organic,2855.08
2025-05-22,Self-serve,Paid,1966.11
2025-05-22,Self-serve,Referral,886.86
2025-05-23,Enterprise,Organic,6283.58
2025-05-23,Enterprise,Paid,4415.02
2025-05-23,Enterprise,Referral,1926.15
2025-05-23,SMB,Organic,4894.67
2025-05-23,SMB,Paid,3298.09
2025-05-23,SMB,Referral,1346.34
2025-05-23,Self-serve,Organic,2727.25
2025-05-23,Self-serve,Paid,1981.01
2025-05-23,Self-serve,Referral,821.26
2025-05-24,Enterprise,Organic,5153.96
2025-05-24,Enterprise,Paid,3538.81
2025-05-24,Enterprise,Referral,1568.24
2025-05-24,SMB,Organic,3879.88
2025-05-24,SMB,Paid,2778.63
2025-05-24,SMB,Referral,1192.19
2025-05-24,Self-serve,Organic,2337.65
2025-05-24,Self-serve,Paid,1485.65
2025-05-24,Self-serve,Referral,661.84
2025-05-25,Enterprise,Organic,5165.99
2025-05-25,Enterprise,Paid,3689.97
2025-05-25,Enterprise,Referral,1522.21
2025-05-25,SMB,Organic,3883.85
2025-05-25,SMB,Paid,2805.08
2025-05-25,SMB,Referral,1206.11
2025-05-25,Self-serve,Organic,2214.84
2025-05-25,Self-serve,Paid,1582.83
2025-05-25,Self-serve,Referral,695.49
2025-05-26,Enterprise,Organic,6850.93
2025-05-26,Enterprise,Paid,4639.37
2025-05-26,Enterprise,Referral,1947.55
2025-05-26,SMB,Organic,5034.34
2025-05-26,SMB,Paid,3588.79
2025-05-26,SMB,Referral,1507.51
2025-05-26,Self-serve,Organic,2897.83
2025-05-26,Self-serve,Paid,1953.00
2025-05-26,Self-serve,Referral,898.07
2025-05-27,Enterprise,Organic,6267.39
2025-05-27,Enterprise,Paid,4483.67
2025-05-27,Enterprise,Referral,1952.51
2025-05-27,SMB,Organic,5348.76
2025-05-27,SMB,Paid,3488.30
2025-05-27,SMB,Referral,1483.93
2025-05-27,Self-serve,Organic,2836.50
2025-05-27,Self-serve,Paid,2119.39
2025-05-27,Self-serve,Referral,792.25
2025-05-28,Enterprise,Organic,6183.42
2025-05-28,Enterprise,Paid,4828.31
2025-05-28,Enterprise,Referral,1946.46
2025-05-28,SMB,Organic,4793.97
2025-05-28,SMB,Paid,3466.58
2025-05-28,SMB,Referral,1490.56
2025-05-28,Self-serve,Organic,2905.35
2025-05-28,Self-serve,Paid,2092.85
2025-05-28,Self-serve,Referral,859.94
2025-05-29,Enterprise,Organic,6277.88
2025-05-29,Enterprise,Paid,4572.32
2025-05-29,Enterprise,Referral,1874.26
2025-05-29,SMB,Organic,4809.31
2025-05-29,SMB,Paid,3290.79
2025-05-29,SMB,Referral,1419.04
2025-05-29,Self-serve,Organic,2759.82
2025-05-29,Self-serve,Paid,1915.12
2025-05-29,Self-serve,Referral,858.82
2025-05-30,Enterprise,Organic,6041.22
2025-05-30,Enterprise,Paid,3972.99
2025-05-30,Enterprise,Referral,1821.14
2025-05-30,SMB,Organic,4805.11
2025-05-30,SMB,Paid,3349.91
2025-05-30,SMB,Referral,1528.89
2025-05-30,Self-serve,Organic,2733.94
2025-05-30,Self-serve,Paid,2001.17
2025-05-30,Self-serve,Referral,835.09
2025-05-31,Enterprise,Organic,5059.91
2025-05-31,Enterprise,Paid,3457.56
2025-05-31,Enterprise,Referral,1517.22
2025-05-31,SMB,Organic,3850.04
2025-05-31,SMB,Paid,2772.41
2025-05-31,SMB,Referral,1173.77
2025-05-31,Self-serve,Organic,2187.90
2025-05-31,Self-serve,Paid,1623.10
2025-05-31,Self-serve,Referral,684.16
2025-06-01,Enterprise,Organic,5002.94
2025-06-01,Enterprise,Paid,3565.27
2025-06-01,Enterprise,Referral,1517.51
2025-06-01,SMB,Organic,3841.53
2025-06-01,SMB,Paid,2766.77
2025-06-01,SMB,Referral,1161.21
2025-06-01,Self-serve,Organic,2189.93
2025-06-01,Self-serve,Paid,1500.87
2025-06-01,Self-serve,Referral,668.87
2025-06-02,Enterprise,Organic,6637.12
2025-06-02,Enterprise,Paid,4473.08
2025-06-02,Enterprise,Referral,2105.89
2025-06-02,SMB,Organic,5210.74
2025-06-02,SMB,Paid,3692.14
2025-06-02,SMB,Referral,1559.09
2025-06-02,Self-serve,Organic,3061.72
2025-06-02,Self-serve,Paid,1982.41
2025-06-02,Self-serve,Referral,803.30
2025-06-03,Enterprise,Organic,6444.81
2025-06-03,Enterprise,Paid,4649.14
2025-06-03,Enterprise,Referral,1968.58
2025-06-03,SMB,Organic,5122.62
2025-06-03,SMB,Paid,3697.37
2025-06-03,SMB,Referral,1541.66
2025-06-03,Self-serve,Organic,2972.80
2025-06-03,Self-serve,Paid,1974.97
2025-06-03,Self-serve,Referral,842.34
2025-06-04,Enterprise,Organic,6728.03
2025-06-04,Enterprise,Paid,4505.70
2025-06-04,Enterprise,Referral,1889.19
2025-06-04,SMB,Organic,4898.18
2025-06-04,SMB,Paid,3425.82
2025-06-04,SMB,Referral,1465.52
2025-06-04,Self-serve,Organic,2742.34
2025-06-04,Self-serve,Paid,1906.62
2025-06-04,Self-serve,Referral,850.63
2025-06-05,Enterprise,Organic,6309.04
2025-06-05,Enterprise,Paid,4645.65
2025-06-05,Enterprise,Referral,1943.93
2025-06-05,SMB,Organic,5035.66
2025-06-05,SMB,Paid,3419.16
2025-06-05,SMB,Referral,1493.33
2025-06-05,Self-serve,Organic,2885.72
2025-06-05,Self-serve,Paid,2041.29
2025-06-05,Self-serve,Referral,854.03
2025-06-06,Enterprise,Organic,6512.21
2025-06-06,Enterprise,Paid,4416.66
2025-06-06,Enterprise,Referral,1937.41
2025-06-06,SMB,Organic,4834.12
2025-06-06,SMB,Paid,3247.60
2025-06-06,SMB,Referral,1483.72
2025-06-06,Self-serve,Organic,2864.56
2025-06-06,Self-serve,Paid,1996.36
2025-06-06,Self-serve,Referral,851.72
2025-06-07,Enterprise,Organic,5046.36
2025-06-07,Enterprise,Paid,3483.38
2025-06-07,Enterprise,Referral,1555.23
2025-06-07,SMB,Organic,4017.17
2025-06-07,SMB,Paid,2729.78
2025-06-07,SMB,Referral,1229.53
2025-06-07,Self-serve,Organic,2206.50
2025-06-07,Self-serve,Paid,1558.79
2025-06-07,Self-serve,Referral,713.34
2025-06-08,Enterprise,Organic,5237.46
2025-06-08,Enterprise,Paid,3534.74
2025-06-08,Enterprise,Referral,1544.54
2025-06-08,SMB,Organic,3988.56
2025-06-08,SMB,Paid,2550.18
2025-06-08,SMB,Referral,1158.65
2025-06-08,Self-serve,Organic,2265.18
2025-06-08,Self-serve,Paid,1571.06
2025-06-08,Self-serve,Referral,685.64
2025-06-09,Enterprise,Organic,6791.58
2025-06-09,Enterprise,Paid,4553.94
2025-06-09,Enterprise,Referral,1908.17
2025-06-09,SMB,Organic,5159.01
2025-06-09,SMB,Paid,3541.41
2025-06-09,SMB,Referral,1525.59
2025-06-09,Self-serve,Organic,2894.00
2025-06-09,Self-serve,Paid,2181.13
2025-06-09,Self-serve,Referral,816.99
2025-06-10,Enterprise,Organic,6498.51
2025-06-10,Enterprise,Paid,4602.07
2025-06-10,Enterprise,Referral,1926.31
2025-06-10,SMB,Organic,5252.03
2025-06-10,SMB,Paid,3667.12
2025-06-10,SMB,Referral,1532.00
2025-06-10,Self-serve,Organic,2898.54
2025-06-10,Self-serve,Paid,2038.72
2025-06-10,Self-serve,Referral,873.93
2025-06-11,Enterprise,Organic,6444.18
2025-06-11,Enterprise,Paid,4496.05
2025-06-11,Enterprise,Referral,1952.49
2025-06-11,SMB,Organic,5137.47
2025-06-11,SMB,Paid,3386.97
2025-06-11,SMB,Referral,1459.68
2025-06-11,Self-serve,Organic,2720.24
2025-06-11,Self-serve,Paid,2061.81
2025-06-11,Self-serve,Referral,867.72
2025-06-12,Enterprise,Organic,6563.38
2025-06-12,Enterprise,Paid,4331.68
2025-06-12,Enterprise,Referral,2043.48
2025-06-12,SMB,Organic,4936.77
2025-06-12,SMB,Paid,3537.80
2025-06-12,SMB,Referral,1547.26
2025-06-12,Self-serve,Organic,2788.42
2025-06-12,Self-serve,Paid,1978.48
2025-06-12,Self-serve,Referral,866.68
2025-06-13,Enterprise,Organic,6893.57
2025-06-13,Enterprise,Paid,4484.65
2025-06-13,Enterprise,Referral,1996.58
2025-06-13,SMB,Organic,5116.95
2025-06-13,SMB,Paid,3495.00
2025-06-13,SMB,Referral,1437.54
2025-06-13,Self-serve,Organic,2911.62
2025-06-13,Self-serve,Paid,1886.56
2025-06-13,Self-serve,Referral,887.23
2025-06-14,Enterprise,Organic,5163.83
2025-06-14,Enterprise,Paid,3307.45
2025-06-14,Enterprise,Referral,1524.18
2025-06-14,SMB,Organic,4070.68
2025-06-14,SMB,Paid,2774.78
2025-06-14,SMB,Referral,1223.40
2025-06-14,Self-serve,Organic,2223.17
2025-06-14,Self-serve,Paid,1534.38
2025-06-14,Self-serve,Referral,682.94
2025-06-15,Enterprise,Organic,5142.66
2025-06-15,Enterprise,Paid,3558.87
2025-06-15,Enterprise,Referral,1598.09
2025-06-15,SMB,Organic,3894.14
2025-06-15,SMB,Paid,2823.52
2025-06-15,SMB,Referral,1201.26
2025-06-15,Self-serve,Organic,2176.82
2025-06-15,Self-serve,Paid,1535.17
2025-06-15,Self-serve,Referral,685.28
2025-06-16,Enterprise,Organic,7004.85
2025-06-16,Enterprise,Paid,4708.74
2025-06-16,Enterprise,Referral,1880.87
2025-06-16,SMB,Organic,4662.68
2025-06-16,SMB,Paid,3678.96
2025-06-16,SMB,Referral,1538.32
2025-06-16,Self-serve,Organic,3039.22
2025-06-16,Self-serve,Paid,2002.67
2025-06-16,Self-serve,Referral,890.84
2025-06-17,Enterprise,Organic,6785.99
2025-06-17,Enterprise,Paid,4570.40
2025-06-17,Enterprise,Referral,1960.02
2025-06-17,SMB,Organic,5151.23
2025-06-17,SMB,Paid,3661.79
2025-06-17,SMB,Referral,1543.53
2025-06-17,Self-serve,Organic,3027.27
2025-06-17,Self-serve,Paid,2030.40
2025-06-17,Self-serve,Referral,847.23
2025-06-18,Enterprise,Organic,6887.04
2025-06-18,Enterprise,Paid,4468.46
2025-06-18,Enterprise,Referral,1917.17
2025-06-18,SMB,Organic,5046.70
2025-06-18,SMB,Paid,3546.81
2025-06-18,SMB,Referral,1499.41
2025-06-18,Self-serve,Organic,2888.02
2025-06-18,Self-serve,Paid,2020.26
2025-06-18,Self-serve,Referral,871.41
2025-06-19,Enterprise,Organic,6047.22
2025-06-19,Enterprise,Paid,4812.25
2025-06-19,Enterprise,Referral,1943.61
2025-06-19,SMB,Organic,5149.52
2025-06-19,SMB,Paid,3396.47
2025-06-19,SMB,Referral,1496.95
2025-06-19,Self-serve,Organic,2833.87
2025-06-19,Self-serve,Paid,2113.81
2025-06-19,Self-serve,Referral,852.41
2025-06-20,Enterprise,Organic,6535.91
2025-06-20,Enterprise,Paid,4386.11
2025-06-20,Enterprise,Referral,1891.14
2025-06-20,SMB,Organic,4933.83
2025-06-20,SMB,Paid,3613.32
2025-06-20,SMB,Referral,1406.59
2025-06-20,Self-serve,Organic,2728.15
2025-06-20,Self-serve,Paid,1872.03
2025-06-20,Self-serve,Referral,824.28
2025-06-21,Enterprise,Organic,5040.59
2025-06-21,Enterprise,Paid,3441.30
2025-06-21,Enterprise,Referral,1515.78
2025-06-21,SMB,Organic,3775.42
2025-06-21,SMB,Paid,2726.90
2025-06-21,SMB,Referral,1248.90
2025-06-21,Self-serve,Organic,2323.97
2025-06-21,Self-serve,Paid,1616.36
2025-06-21,Self-serve,Referral,668.13
2025-06-22,Enterprise,Organic,4932.84
2025-06-22,Enterprise,Paid,3496.09
2025-06-22,Enterprise,Referral,1549.33
2025-06-22,SMB,Organic,4126.75
2025-06-22,SMB,Paid,2891.62
2025-06-22,SMB,Referral,1229.43
2025-06-22,Self-serve,Organic,2247.43
2025-06-22,Self-serve,Paid,1609.99
2025-06-22,Self-serve,Referral,682.84
2025-06-23,Enterprise,Organic,6614.57
2025-06-23,Enterprise,Paid,4943.00
2025-06-23,Enterprise,Referral,1890.89
2025-06-23,SMB,Organic,5139.47
2025-06-23,SMB,Paid,3754.85
2025-06-23,SMB,Referral,1484.49
2025-06-23,Self-serve,Organic,2900.54
2025-06-23,Self-serve,Paid,2037.50
2025-06-23,Self-serve,Referral,881.35
2025-06-24,Enterprise,Organic,6341.95
2025-06-24,Enterprise,Paid,4745.87
2025-06-24,Enterprise,Referral,2038.20
2025-06-24,SMB,Organic,5259.68
2025-06-24,SMB,Paid,3531.78
2025-06-24,SMB,Referral,1558.24
2025-06-24,Self-serve,Organic,2880.50
2025-06-24,Self-serve,Paid,2051.59
2025-06-24,Self-serve,Referral,945.49
2025-06-25,Enterprise,Organic,6562.31
2025-06-25,Enterprise,Paid,4417.28
2025-06-25,Enterprise,Referral,1973.68
2025-06-25,SMB,Organic,4883.01
2025-06-25,SMB,Paid,3434.44
2025-06-25,SMB,Referral,1479.13
2025-06-25,Self-serve,Organic,2869.47
2025-06-25,Self-serve,Paid,2092.99
2025-06-25,Self-serve,Referral,887.61
2025-06-26,Enterprise,Organic,6652.30
2025-06-26,Enterprise,Paid,4433.53
2025-06-26,Enterprise,Referral,1932.95
2025-06-26,SMB,Organic,5135.65
2025-06-26,SMB,Paid,3498.64
2025-06-26,SMB,Referral,1515.46
2025-06-26,Self-serve,Organic,2949.45
2025-06-26,Self-serve,Paid,2016.31
2025-06-26,Self-serve,Referral,879.19
2025-06-27,Enterprise,Organic,6739.18
2025-06-27,Enterprise,Paid,4479.09
2025-06-27,Enterprise,Referral,1997.83
2025-06-27,SMB,Organic,5086.51
2025-06-27,SMB,Paid,3347.65
2025-06-27,SMB,Referral,1451.15
2025-06-27,Self-serve,Organic,2787.12
2025-06-27,Self-serve,Paid,1949.71
2025-06-27,Self-serve,Referral,855.26
2025-06-28,Enterprise,Organic,5295.61
2025-06-28,Enterprise,Paid,3776.86
2025-06-28,Enterprise,Referral,1574.34
2025-06-28,SMB,Organic,3990.16
2025-06-28,SMB,Paid,2654.12
2025-06-28,SMB,Referral,1215.84
2025-06-28,Self-serve,Organic,2312.78
2025-06-28,Self-serve,Paid,1626.57
2025-06-28,Self-serve,Referral,737.10
2025-06-29,Enterprise,Organic,5398.19
2025-06-29,Enterprise,Paid,3728.95
2025-06-29,Enterprise,Referral,1516.28
2025-06-29,SMB,Organic,3985.64
2025-06-29,SMB,Paid,2825.49
2025-06-29,SMB,Referral,1186.13
2025-06-29,Self-serve,Organic,2347.84
2025-06-29,Self-serve,Paid,1636.51
2025-06-29,Self-serve,Referral,671.28
2025-06-30,Enterprise,Organic,6938.09
2025-06-30,Enterprise,Paid,4702.72
2025-06-30,Enterprise,Referral,1905.06
2025-06-30,SMB,Organic,5201.23
2025-06-30,SMB,Paid,3677.24
2025-06-30,SMB,Referral,1608.38
2025-06-30,Self-serve,Organic,2946.58
2025-06-30,Self-serve,Paid,2135.46
2025-06-30,Self-serve,Referral,898.03
2025-07-01,Enterprise,Organic,6439.26
2025-07-01,Enterprise,Paid,4493.39
2025-07-01,Enterprise,Referral,2078.85
2025-07-01,SMB,Organic,5401.09
2025-07-01,SMB,Paid,3685.17
2025-07-01,SMB,Referral,1634.39
2025-07-01,Self-serve,Organic,3073.88
2025-07-01,Self-serve,Paid,2128.38
2025-07-01,Self-serve,Referral,869.39
2025-07-02,Enterprise,Organic,6927.68
2025-07-02,Enterprise,Paid,4684.09
2025-07-02,Enterprise,Referral,1952.81
2025-07-02,SMB,Organic,5019.45
2025-07-02,SMB,Paid,3613.12
2025-07-02,SMB,Referral,1459.61
2025-07-02,Self-serve,Organic,2988.37
2025-07-02,Self-serve,Paid,1990.24
2025-07-02,Self-serve,Referral,887.84
2025-07-03,Enterprise,Organic,6488.47
2025-07-03,Enterprise,Paid,4577.53
2025-07-03,Enterprise,Referral,1932.58
2025-07-03,SMB,Organic,5102.02
2025-07-03,SMB,Paid,3792.19
2025-07-03,SMB,Referral,1601.95
2025-07-03,Self-serve,Organic,2960.76
2025-07-03,Self-serve,Paid,2049.17
2025-07-03,Self-serve,Referral,901.14
2025-07-04,Enterprise,Organic,6692.58
2025-07-04,Enterprise,Paid,4418.40
2025-07-04,Enterprise,Referral,1937.43
2025-07-04,SMB,Organic,4759.48
2025-07-04,SMB,Paid,3643.01
2025-07-04,SMB,Referral,1603.97
2025-07-04,Self-serve,Organic,2883.87
2025-07-04,Self-serve,Paid,1885.48
2025-07-04,Self-serve,Referral,878.85
2025-07-05,Enterprise,Organic,5091.14
2025-07-05,Enterprise,Paid,3590.25
2025-07-05,Enterprise,Referral,1599.43
2025-07-05,SMB,Organic,4101.25
2025-07-05,SMB,Paid,2807.40
2025-07-05,SMB,Referral,1197.25
2025-07-05,Self-serve,Organic,2334.59
2025-07-05,Self-serve,Paid,1608.07
2025-07-05,Self-serve,Referral,674.52
2025-07-06,Enterprise,Organic,5185.58
2025-07-06,Enterprise,Paid,3703.84
2025-07-06,Enterprise,Referral,1562.96
2025-07-06,SMB,Organic,3901.12
2025-07-06,SMB,Paid,2936.33
2025-07-06,SMB,Referral,1121.74
2025-07-06,Self-serve,Organic,2296.75
2025-07-06,Self-serve,Paid,1599.23
2025-07-06,Self-serve,Referral,701.48
2025-07-07,Enterprise,Organic,6854.06
2025-07-07,Enterprise,Paid,4877.83
2025-07-07,Enterprise,Referral,1978.93
2025-07-07,SMB,Organic,5334.86
2025-07-07,SMB,Paid,3691.38
2025-07-07,SMB,Referral,1492.02
2025-07-07,Self-serve,Organic,3166.58
2025-07-07,Self-serve,Paid,2006.53
2025-07-07,Self-serve,Referral,910.04
2025-07-08,Enterprise,Organic,6825.54
2025-07-08,Enterprise,Paid,4761.68
2025-07-08,Enterprise,Referral,1993.95
2025-07-08,SMB,Organic,5377.59
2025-07-08,SMB,Paid,3501.21
2025-07-08,SMB,Referral,1571.10
2025-07-08,Self-serve,Organic,2947.77
2025-07-08,Self-serve,Paid,2056.30
2025-07-08,Self-serve,Referral,911.12
2025-07-09,Enterprise,Organic,6841.92
2025-07-09,Enterprise,Paid,4591.61
2025-07-09,Enterprise,Referral,2034.87
2025-07-09,SMB,Organic,5162.56
2025-07-09,SMB,Paid,3511.77
2025-07-09,SMB,Referral,1534.49
2025-07-09,Self-serve,Organic,2919.17
2025-07-09,Self-serve,Paid,2018.85
2025-07-09,Self-serve,Referral,895.05
2025-07-10,Enterprise,Organic,6680.39
2025-07-10,Enterprise,Paid,4422.00
2025-07-10,Enterprise,Referral,1891.51
2025-07-10,SMB,Organic,5225.28
2025-07-10,SMB,Paid,3523.34
2025-07-10,SMB,Referral,1561.89
2025-07-10,Self-serve,Organic,3017.38
2025-07-10,Self-serve,Paid,1985.13
2025-07-10,Self-serve,Referral,847.04
2025-07-11,Enterprise,Organic,6841.67
2025-07-11,Enterprise,Paid,4608.20
2025-07-11,Enterprise,Referral,1929.75
2025-07-11,SMB,Organic,4924.82
2025-07-11,SMB,Paid,3492.43
2025-07-11,SMB,Referral,1465.74
2025-07-11,Self-serve,Organic,2972.04
2025-07-11,Self-serve,Paid,1979.48
2025-07-11,Self-serve,Referral,897.09
2025-07-12,Enterprise,Organic,5203.12
2025-07-12,Enterprise,Paid,3571.11
2025-07-12,Enterprise,Referral,1559.72
2025-07-12,SMB,Organic,3773.64
2025-07-12,SMB,Paid,2856.88
2025-07-12,SMB,Referral,1222.56
2025-07-12,Self-serve,Organic,2398.54
2025-07-12,Self-serve,Paid,1545.72
2025-07-12,Self-serve,Referral,726.66
2025-07-13,Enterprise,Organic,5400.95
2025-07-13,Enterprise,Paid,3828.42
2025-07-13,Enterprise,Referral,1578.85
2025-07-13,SMB,Organic,4224.51
2025-07-13,SMB,Paid,2743.20
2025-07-13,SMB,Referral,1256.25
2025-07-13,Self-serve,Organic,2288.55
2025-07-13,Self-serve,Paid,1558.68
2025-07-13,Self-serve,Referral,679.12
2025-07-14,Enterprise,Organic,6784.49
2025-07-14,Enterprise,Paid,4630.93
2025-07-14,Enterprise,Referral,2057.97
2025-07-14,SMB,Organic,4989.74
2025-07-14,SMB,Paid,3457.49
2025-07-14,SMB,Referral,1647.95
2025-07-14,Self-serve,Organic,3096.57
2025-07-14,Self-serve,Paid,2043.95
2025-07-14,Self-serve,Referral,904.37
2025-07-15,Enterprise,Organic,6997.14
2025-07-15,Enterprise,Paid,4812.41
2025-07-15,Enterprise,Referral,2045.90
2025-07-15,SMB,Organic,5454.21
2025-07-15,SMB,Paid,3615.47
2025-07-15,SMB,Referral,1585.70
2025-07-15,Self-serve,Organic,3015.93
2025-07-15,Self-serve,Paid,2095.00
2025-07-15,Self-serve,Referral,894.68
2025-07-16,Enterprise,Organic,6684.35
2025-07-16,Enterprise,Paid,4673.66
2025-07-16,Enterprise,Referral,1938.00
2025-07-16,SMB,Organic,5312.38
2025-07-16,SMB,Paid,3524.95
2025-07-16,SMB,Referral,1546.09
2025-07-16,Self-serve,Organic,2938.08
2025-07-16,Self-serve,Paid,2097.33
2025-07-16,Self-serve,Referral,832.77
2025-07-17,Enterprise,Organic,6854.20
2025-07-17,Enterprise,Paid,4578.14
2025-07-17,Enterprise,Referral,2076.03
2025-07-17,SMB,Organic,5117.79
2025-07-17,SMB,Paid,3629.26
2025-07-17,SMB,Referral,1647.11
2025-07-17,Self-serve,Organic,2942.33
2025-07-17,Self-serve,Paid,2154.10
2025-07-17,Self-serve,Referral,891.15
2025-07-18,Enterprise,Organic,6637.42
2025-07-18,Enterprise,Paid,4598.63
2025-07-18,Enterprise,Referral,2016.74
2025-07-18,SMB,Organic,4994.03
2025-07-18,SMB,Paid,3463.86
2025-07-18,SMB,Referral,1500.36
2025-07-18,Self-serve,Organic,2922.37
2025-07-18,Self-serve,Paid,2026.05
2025-07-18,Self-serve,Referral,892.72
2025-07-19,Enterprise,Organic,5507.21
2025-07-19,Enterprise,Paid,3601.23
2025-07-19,Enterprise,Referral,1554.92
2025-07-19,SMB,Organic,3944.43
2025-07-19,SMB,Paid,3061.18
2025-07-19,SMB,Referral,1247.92
2025-07-19,Self-serve,Organic,2389.36
2025-07-19,Self-serve,Paid,1582.52
2025-07-19,Self-serve,Referral,706.61
2025-07-20,Enterprise,Organic,5385.57
2025-07-20,Enterprise,Paid,3685.02
2025-07-20,Enterprise,Referral,1642.71
2025-07-20,SMB,Organic,4411.89
2025-07-20,SMB,Paid,2805.97
2025-07-20,SMB,Referral,1199.77
2025-07-20,Self-serve,Organic,2295.49
2025-07-20,Self-serve,Paid,1729.82
2025-07-20,Self-serve,Referral,729.39
2025-07-21,Enterprise,Organic,6798.48
2025-07-21,Enterprise,Paid,4783.61
2025-07-21,Enterprise,Referral,1997.71
2025-07-21,SMB,Organic,5451.06
2025-07-21,SMB,Paid,3674.15
2025-07-21,SMB,Referral,1580.36
2025-07-21,Self-serve,Organic,3089.29
2025-07-21,Self-serve,Paid,2111.74
2025-07-21,Self-serve,Referral,903.75
2025-07-22,Enterprise,Organic,6834.53
2025-07-22,Enterprise,Paid,4896.77
2025-07-22,Enterprise,Referral,2150.95
2025-07-22,SMB,Organic,5407.40
2025-07-22,SMB,Paid,3809.49
2025-07-22,SMB,Referral,1584.66
2025-07-22,Self-serve,Organic,2972.13
2025-07-22,Self-serve,Paid,2167.33
2025-07-22,Self-serve,Referral,915.66
2025-07-23,Enterprise,Organic,6425.39
2025-07-23,Enterprise,Paid,4652.05
2025-07-23,Enterprise,Referral,2008.55
2025-07-23,SMB,Organic,5140.38
2025-07-23,SMB,Paid,3816.67
2025-07-23,SMB,Referral,1588.64
2025-07-23,Self-serve,Organic,3105.93
2025-07-23,Self-serve,Paid,2104.63
2025-07-23,Self-serve,Referral,897.10
2025-07-24,Enterprise,Organic,6529.10
2025-07-24,Enterprise,Paid,4704.18
2025-07-24,Enterprise,Referral,2016.15
2025-07-24,SMB,Organic,5010.71
2025-07-24,SMB,Paid,3598.30
2025-07-24,SMB,Referral,1552.30
2025-07-24,Self-serve,Organic,3022.75
2025-07-24,Self-serve,Paid,2118.93
2025-07-24,Self-serve,Referral,880.09
2025-07-25,Enterprise,Organic,6689.80
2025-07-25,Enterprise,Paid,4592.68
2025-07-25,Enterprise,Referral,1808.72
2025-07-25,SMB,Organic,5056.39
2025-07-25,SMB,Paid,3707.96
2025-07-25,SMB,Referral,1461.64
2025-07-25,Self-serve,Organic,2941.91
2025-07-25,Self-serve,Paid,2150.01
2025-07-25,Self-serve,Referral,859.53
2025-07-26,Enterprise,Organic,5333.46
2025-07-26,Enterprise,Paid,3587.14
2025-07-26,Enterprise,Referral,1678.04
2025-07-26,SMB,Organic,4137.61
2025-07-26,SMB,Paid,2907.65
2025-07-26,SMB,Referral,1294.95
2025-07-26,Self-serve,Organic,2417.31
2025-07-26,Self-serve,Paid,1615.61
2025-07-26,Self-serve,Referral,697.27
2025-07-27,Enterprise,Organic,5417.13
2025-07-27,Enterprise,Paid,3666.55
2025-07-27,Enterprise,Referral,1499.65
2025-07-27,SMB,Organic,4145.05
2025-07-27,SMB,Paid,2777.13
2025-07-27,SMB,Referral,1305.90
2025-07-27,Self-serve,Organic,2384.97
2025-07-27,Self-serve,Paid,1615.58
2025-07-27,Self-serve,Referral,696.80
2025-07-28,Enterprise,Organic,6479.76
2025-07-28,Enterprise,Paid,4649.78
2025-07-28,Enterprise,Referral,2123.56
2025-07-28,SMB,Organic,5700.35
2025-07-28,SMB,Paid,3821.35
2025-07-28,SMB,Referral,1598.37
2025-07-28,Self-serve,Organic,3013.38
2025-07-28,Self-serve,Paid,2075.73
2025-07-28,Self-serve,Referral,972.48
2025-07-29,Enterprise,Organic,6836.30
2025-07-29,Enterprise,Paid,5118.12
2025-07-29,Enterprise,Referral,2148.80
2025-07-29,SMB,Organic,5068.14
2025-07-29,SMB,Paid,3668.40
2025-07-29,SMB,Referral,1572.02
2025-07-29,Self-serve,Organic,3048.34
2025-07-29,Self-serve,Paid,2135.09
2025-07-29,Self-serve,Referral,999.10
2025-07-30,Enterprise,Organic,6535.66
2025-07-30,Enterprise,Paid,4760.22
2025-07-30,Enterprise,Referral,2063.65
2025-07-30,SMB,Organic,5252.81
2025-07-30,SMB,Paid,3689.29
2025-07-30,SMB,Referral,1526.52
2025-07-30,Self-serve,Organic,3011.34
2025-07-30,Self-serve,Paid,2133.46
2025-07-30,Self-serve,Referral,909.37
2025-07-31,Enterprise,Organic,6875.58
2025-07-31,Enterprise,Paid,4932.49
2025-07-31,Enterprise,Referral,2084.99
2025-07-31,SMB,Organic,5268.98
2025-07-31,SMB,Paid,3551.03
2025-07-31,SMB,Referral,1548.93
2025-07-31,Self-serve,Organic,2984.62
2025-07-31,Self-serve,Paid,2119.01
2025-07-31,Self-serve,Referral,888.39
2025-08-01,Enterprise,Organic,6451.94
2025-08-01,Enterprise,Paid,4481.16
2025-08-01,Enterprise,Referral,1892.84
2025-08-01,SMB,Organic,5126.72
2025-08-01,SMB,Paid,3454.83
2025-08-01,SMB,Referral,1502.44
2025-08-01,Self-serve,Organic,2915.49
2025-08-01,Self-serve,Paid,1982.48
2025-08-01,Self-serve,Referral,895.19
2025-08-02,Enterprise,Organic,5485.63
2025-08-02,Enterprise,Paid,3694.60
2025-08-02,Enterprise,Referral,1588.83
2025-08-02,SMB,Organic,4241.21
2025-08-02,SMB,Paid,2859.16
2025-08-02,SMB,Referral,1222.77
2025-08-02,Self-serve,Organic,2470.71
2025-08-02,Self-serve,Paid,1713.85
2025-08-02,Self-serve,Referral,728.44
2025-08-03,Enterprise,Organic,5520.38
2025-08-03,Enterprise,Paid,3536.83
2025-08-03,Enterprise,Referral,1676.81
2025-08-03,SMB,Organic,4226.76
2025-08-03,SMB,Paid,3013.01
2025-08-03,SMB,Referral,1267.84
2025-08-03,Self-serve,Organic,2390.71
2025-08-03,Self-serve,Paid,1657.25
2025-08-03,Self-serve,Referral,724.05
2025-08-04,Enterprise,Organic,6847.34
2025-08-04,Enterprise,Paid,4964.36
2025-08-04,Enterprise,Referral,1974.91
2025-08-04,SMB,Organic,5288.64
2025-08-04,SMB,Paid,3994.04
2025-08-04,SMB,Referral,1582.50
2025-08-04,Self-serve,Organic,3050.00
2025-08-04,Self-serve,Paid,2093.46
2025-08-04,Self-serve,Referral,930.88
2025-08-05,Enterprise,Organic,6765.30
2025-08-05,Enterprise,Paid,4815.71
2025-08-05,Enterprise,Referral,2128.29
2025-08-05,SMB,Organic,5267.96
2025-08-05,SMB,Paid,3855.64
2025-08-05,SMB,Referral,1654.04
2025-08-05,Self-serve,Organic,3172.03
2025-08-05,Self-serve,Paid,2161.38
2025-08-05,Self-serve,Referral,1012.11
2025-08-06,Enterprise,Organic,7011.01
2025-08-06,Enterprise,Paid,4803.57
2025-08-06,Enterprise,Referral,1985.23
2025-08-06,SMB,Organic,5270.39
2025-08-06,SMB,Paid,3858.37
2025-08-06,SMB,Referral,1667.06
2025-08-06,Self-serve,Organic,3154.40
2025-08-06,Self-serve,Paid,2164.12
2025-08-06,Self-serve,Referral,872.00
2025-08-07,Enterprise,Organic,6901.43
2025-08-07,Enterprise,Paid,4584.09
2025-08-07,Enterprise,Referral,1949.55
2025-08-07,SMB,Organic,5328.42
2025-08-07,SMB,Paid,3761.45
2025-08-07,SMB,Referral,1630.15
2025-08-07,Self-serve,Organic,3068.21
2025-08-07,Self-serve,Paid,2149.93
2025-08-07,Self-serve,Referral,880.15
2025-08-08,Enterprise,Organic,6658.54
2025-08-08,Enterprise,Paid,4464.30
2025-08-08,Enterprise,Referral,1883.44
2025-08-08,SMB,Organic,5310.66
2025-08-08,SMB,Paid,3554.49
2025-08-08,SMB,Referral,1599.36
2025-08-08,Self-serve,Organic,3067.41
2025-08-08,Self-serve,Paid,2039.48
2025-08-08,Self-serve,Referral,906.38
2025-08-09,Enterprise,Organic,5292.70
2025-08-09,Enterprise,Paid,3570.55
2025-08-09,Enterprise,Referral,1625.93
2025-08-09,SMB,Organic,4140.52
2025-08-09,SMB,Paid,2901.08
2025-08-09,SMB,Referral,1334.62
2025-08-09,Self-serve,Organic,2290.06
2025-08-09,Self-serve,Paid,1699.24
2025-08-09,Self-serve,Referral,698.49
2025-08-10,Enterprise,Organic,5551.83
2025-08-10,Enterprise,Paid,3817.07
2025-08-10,Enterprise,Referral,1639.82
2025-08-10,SMB,Organic,4084.40
2025-08-10,SMB,Paid,2874.91
2025-08-10,SMB,Referral,1296.15
2025-08-10,Self-serve,Organic,2529.64
2025-08-10,Self-serve,Paid,1705.65
2025-08-10,Self-serve,Referral,701.21
2025-08-11,Enterprise,Organic,7025.58
2025-08-11,Enterprise,Paid,5222.94
2025-08-11,Enterprise,Referral,2092.87
2025-08-11,SMB,Organic,5646.56
2025-08-11,SMB,Paid,3702.44
2025-08-11,SMB,Referral,1620.75
2025-08-11,Self-serve,Organic,3148.50
2025-08-11,Self-serve,Paid,2189.53
2025-08-11,Self-serve,Referral,905.99
2025-08-12,Enterprise,Organic,6791.93
2025-08-12,Enterprise,Paid,5017.16
2025-08-12,Enterprise,Referral,2162.94
2025-08-12,SMB,Organic,5659.71
2025-08-12,SMB,Paid,3994.97
2025-08-12,SMB,Referral,1630.79
2025-08-12,Self-serve,Organic,3064.89
2025-08-12,Self-serve,Paid,2253.41
2025-08-12,Self-serve,Referral,947.99
2025-08-13,Enterprise,Organic,6636.55
2025-08-13,Enterprise,Paid,4638.23
2025-08-13,Enterprise,Referral,2081.70
2025-08-13,SMB,Organic,5290.23
2025-08-13,SMB,Paid,3720.01
2025-08-13,SMB,Referral,1646.89
2025-08-13,Self-serve,Organic,3108.36
2025-08-13,Self-serve,Paid,2212.28
2025-08-13,Self-serve,Referral,858.91
2025-08-14,Enterprise,Organic,6896.13
2025-08-14,Enterprise,Paid,4890.72
2025-08-14,Enterprise,Referral,1959.20
2025-08-14,SMB,Organic,5218.61
2025-08-14,SMB,Paid,3632.28
2025-08-14,SMB,Referral,1598.00
2025-08-14,Self-serve,Organic,3190.37
2025-08-14,Self-serve,Paid,2258.48
2025-08-14,Self-serve,Referral,890.25
2025-08-15,Enterprise,Organic,6827.03
2025-08-15,Enterprise,Paid,4783.47
2025-08-15,Enterprise,Referral,2039.71
2025-08-15,SMB,Organic,5289.91
2025-08-15,SMB,Paid,3692.48
2025-08-15,SMB,Referral,1647.60
2025-08-15,Self-serve,Organic,3085.84
2025-08-15,Self-serve,Paid,2024.43
2025-08-15,Self-serve,Referral,917.51
2025-08-16,Enterprise,Organic,5578.61
2025-08-16,Enterprise,Paid,3839.14
2025-08-16,Enterprise,Referral,1685.27
2025-08-16,SMB,Organic,4249.63
2025-08-16,SMB,Paid,2975.84
2025-08-16,SMB,Referral,1272.35
2025-08-16,Self-serve,Organic,2268.53
2025-08-16,Self-serve,Paid,1686.24
2025-08-16,Self-serve,Referral,709.90
2025-08-17,Enterprise,Organic,5244.36
2025-08-17,Enterprise,Paid,3970.30
2025-08-17,Enterprise,Referral,1656.05
2025-08-17,SMB,Organic,4225.71
2025-08-17,SMB,Paid,2910.48
2025-08-17,SMB,Referral,1280.12
2025-08-17,Self-serve,Organic,2488.74
2025-08-17,Self-serve,Paid,1649.83
2025-08-17,Self-serve,Referral,724.95
2025-08-18,Enterprise,Organic,7179.97
2025-08-18,Enterprise,Paid,4613.91
2025-08-18,Enterprise,Referral,2095.69
2025-08-18,SMB,Organic,5372.59
2025-08-18,SMB,Paid,3794.58
2025-08-18,SMB,Referral,1608.23
2025-08-18,Self-serve,Organic,3122.94
2025-08-18,Self-serve,Paid,2302.71
2025-08-18,Self-serve,Referral,923.96
2025-08-19,Enterprise,Organic,7065.15
2025-08-19,Enterprise,Paid,5196.09
2025-08-19,Enterprise,Referral,2066.49
2025-08-19,SMB,Organic,5744.01
2025-08-19,SMB,Paid,3813.82
2025-08-19,SMB,Referral,1721.59
2025-08-19,Self-serve,Organic,3182.88
2025-08-19,Self-serve,Paid,2199.05
2025-08-19,Self-serve,Referral,932.01
2025-08-20,Enterprise,Organic,6751.36
2025-08-20,Enterprise,Paid,4827.07
2025-08-20,Enterprise,Referral,2119.62
2025-08-20,SMB,Organic,5349.14
2025-08-20,SMB,Paid,3710.29
2025-08-20,SMB,Referral,1593.29
2025-08-20,Self-serve,Organic,3148.90
2025-08-20,Self-serve,Paid,2219.17
2025-08-20,Self-serve,Referral,899.00
2025-08-21,Enterprise,Organic,6748.06
2025-08-21,Enterprise,Paid,4875.19
2025-08-21,Enterprise,Referral,2160.52
2025-08-21,SMB,Organic,5540.05
2025-08-21,SMB,Paid,3608.34
2025-08-21,SMB,Referral,1594.05
2025-08-21,Self-serve,Organic,2975.08
2025-08-21,Self-serve,Paid,2125.17
2025-08-21,Self-serve,Referral,962.35
2025-08-22,Enterprise,Organic,6473.56
2025-08-22,Enterprise,Paid,4503.62
2025-08-22,Enterprise,Referral,1978.22
2025-08-22,SMB,Organic,5304.78
2025-08-22,SMB,Paid,3750.18
2025-08-22,SMB,Referral,1598.54
2025-08-22,Self-serve,Organic,3434.02
2025-08-22,Self-serve,Paid,1653.84
2025-08-22,Self-serve,Referral,1031.59
2025-08-23,Enterprise,Organic,5415.32
2025-08-23,Enterprise,Paid,3910.52
2025-08-23,Enterprise,Referral,1574.84
2025-08-23,SMB,Organic,4252.36
2025-08-23,SMB,Paid,2997.30
2025-08-23,SMB,Referral,1319.74
2025-08-23,Self-serve,Organic,1962.36
2025-08-23,Self-serve,Paid,1707.03
2025-08-23,Self-serve,Referral,632.92
2025-08-24,Enterprise,Organic,5554.24
2025-08-24,Enterprise,Paid,3919.19
2025-08-24,Enterprise,Referral,1704.76
2025-08-24,SMB,Organic,4187.13
2025-08-24,SMB,Paid,3061.66
2025-08-24,SMB,Referral,1328.75
2025-08-24,Self-serve,Organic,1946.96
2025-08-24,Self-serve,Paid,1828.61
2025-08-24,Self-serve,Referral,814.32
2025-08-25,Enterprise,Organic,6985.96
2025-08-25,Enterprise,Paid,4749.41
2025-08-25,Enterprise,Referral,2171.93
2025-08-25,SMB,Organic,5278.97
2025-08-25,SMB,Paid,3812.71
2025-08-25,SMB,Referral,1640.83
2025-08-25,Self-serve,Organic,3400.76
2025-08-25,Self-serve,Paid,2023.91
2025-08-25,Self-serve,Referral,860.79
2025-08-26,Enterprise,Organic,7067.64
2025-08-26,Enterprise,Paid,5081.64
2025-08-26,Enterprise,Referral,2259.09
2025-08-26,SMB,Organic,5232.93
2025-08-26,SMB,Paid,3872.85
2025-08-26,SMB,Referral,1590.64
2025-08-26,Self-serve,Organic,3518.94
2025-08-26,Self-serve,Paid,1942.72
2025-08-26,Self-serve,Referral,862.67
2025-08-27,Enterprise,Organic,6799.88
2025-08-27,Enterprise,Paid,4834.50
2025-08-27,Enterprise,Referral,2096.81
2025-08-27,SMB,Organic,5462.10
2025-08-27,SMB,Paid,3768.13
2025-08-27,SMB,Referral,1550.75
2025-08-27,Self-serve,Organic,3348.17
2025-08-27,Self-serve,Paid,2139.75
2025-08-27,Self-serve,Referral,1053.03
2025-08-28,Enterprise,Organic,6781.16
2025-08-28,Enterprise,Paid,4616.66
2025-08-28,Enterprise,Referral,2076.36
2025-08-28,SMB,Organic,5598.15
2025-08-28,SMB,Paid,3790.27
2025-08-28,SMB,Referral,1606.91
2025-08-28,Self-serve,Organic,2754.13
2025-08-28,Self-serve,Paid,2615.06
2025-08-28,Self-serve,Referral,808.39
2025-08-29,Enterprise,Organic,6655.38
2025-08-29,Enterprise,Paid,4843.85
2025-08-29,Enterprise,Referral,1927.39
2025-08-29,SMB,Organic,5493.90
2025-08-29,SMB,Paid,3773.46
2025-08-29,SMB,Referral,1630.29
2025-08-29,Self-serve,Organic,3228.46
2025-08-29,Self-serve,Paid,2075.26
2025-08-29,Self-serve,Referral,790.14
2025-08-30,Enterprise,Organic,5476.74
2025-08-30,Enterprise,Paid,3737.26
2025-08-30,Enterprise,Referral,1674.02
2025-08-30,SMB,Organic,4381.19
2025-08-30,SMB,Paid,3127.02
2025-08-30,SMB,Referral,1297.61
2025-08-30,Self-serve,Organic,2718.53
2025-08-30,Self-serve,Paid,1649.39
2025-08-30,Self-serve,Referral,690.77
2025-08-31,Enterprise,Organic,5582.83
2025-08-31,Enterprise,Paid,3808.55
2025-08-31,Enterprise,Referral,1664.72
2025-08-31,SMB,Organic,4145.06
2025-08-31,SMB,Paid,2917.69
2025-08-31,SMB,Referral,1308.89
2025-08-31,Self-serve,Organic,2709.64
2025-08-31,Self-serve,Paid,1507.79
2025-08-31,Self-serve,Referral,793.65
2025-09-01,Enterprise,Organic,6970.27
2025-09-01,Enterprise,Paid,4960.89
2025-09-01,Enterprise,Referral,2215.38
2025-09-01,SMB,Organic,5642.84
2025-09-01,SMB,Paid,3948.64
2025-09-01,SMB,Referral,1747.46
2025-09-01,Self-serve,Organic,2879.41
2025-09-01,Self-serve,Paid,1940.20
2025-09-01,Self-serve,Referral,861.73
2025-09-02,Enterprise,Organic,7035.48
2025-09-02,Enterprise,Paid,4612.18
2025-09-02,Enterprise,Referral,2113.65
2025-09-02,SMB,Organic,5424.05
2025-09-02,SMB,Paid,3950.65
2025-09-02,SMB,Referral,1671.73
2025-09-02,Self-serve,Organic,2921.34
2025-09-02,Self-serve,Paid,2363.50
2025-09-02,Self-serve,Referral,1028.22
2025-09-03,Enterprise,Organic,6803.76
2025-09-03,Enterprise,Paid,4802.93
2025-09-03,Enterprise,Referral,1949.82
2025-09-03,SMB,Organic,5239.47
2025-09-03,SMB,Paid,3707.23
2025-09-03,SMB,Referral,1628.63
2025-09-03,Self-serve,Organic,2740.30
2025-09-03,Self-serve,Paid,2031.73
2025-09-03,Self-serve,Referral,790.56
2025-09-04,Enterprise,Organic,7006.12
2025-09-04,Enterprise,Paid,4941.55
2025-09-04,Enterprise,Referral,2116.34
2025-09-04,SMB,Organic,5423.39
2025-09-04,SMB,Paid,3619.51
2025-09-04,SMB,Referral,1596.16
2025-09-04,Self-serve,Organic,2944.87
2025-09-04,Self-serve,Paid,2062.46
2025-09-04,Self-serve,Referral,937.83
2025-09-05,Enterprise,Organic,7137.45
2025-09-05,Enterprise,Paid,4908.04
2025-09-05,Enterprise,Referral,1992.58
2025-09-05,SMB,Organic,5432.02
2025-09-05,SMB,Paid,3798.16
2025-09-05,SMB,Referral,1558.48
2025-09-05,Self-serve,Organic,3355.35
2025-09-05,Self-serve,Paid,2088.04
2025-09-05,Self-serve,Referral,756.54
2025-09-06,Enterprise,Organic,5608.76
2025-09-06,Enterprise,Paid,3898.45
2025-09-06,Enterprise,Referral,1648.62
2025-09-06,SMB,Organic,4298.76
2025-09-06,SMB,Paid,2947.53
2025-09-06,SMB,Referral,1314.71
2025-09-06,Self-serve,Organic,2455.99
2025-09-06,Self-serve,Paid,1730.03
2025-09-06,Self-serve,Referral,745.66
2025-09-07,Enterprise,Organic,5346.14
2025-09-07,Enterprise,Paid,3772.57
2025-09-07,Enterprise,Referral,1551.24
2025-09-07,SMB,Organic,4380.28
2025-09-07,SMB,Paid,2905.46
2025-09-07,SMB,Referral,1297.33
2025-09-07,Self-serve,Organic,2488.71
2025-09-07,Self-serve,Paid,1754.05
2025-09-07,Self-serve,Referral,711.72
2025-09-08,Enterprise,Organic,7112.43
2025-09-08,Enterprise,Paid,5238.41
2025-09-08,Enterprise,Referral,2247.86
2025-09-08,SMB,Organic,5706.90
2025-09-08,SMB,Paid,3919.19
2025-09-08,SMB,Referral,1612.68
2025-09-08,Self-serve,Organic,3235.55
2025-09-08,Self-serve,Paid,2206.58
2025-09-08,Self-serve,Referral,966.16
2025-09-09,Enterprise,Organic,6997.07
2025-09-09,Enterprise,Paid,4966.84
2025-09-09,Enterprise,Referral,2150.28
2025-09-09,SMB,Organic,5588.47
2025-09-09,SMB,Paid,3940.76
2025-09-09,SMB,Referral,1635.33
2025-09-09,Self-serve,Organic,3042.25
2025-09-09,Self-serve,Paid,2327.16
2025-09-09,Self-serve,Referral,1022.02
2025-09-10,Enterprise,Organic,7100.46
2025-09-10,Enterprise,Paid,4709.68
2025-09-10,Enterprise,Referral,2053.17
2025-09-10,SMB,Organic,5532.66
2025-09-10,SMB,Paid,3968.08
2025-09-10,SMB,Referral,1575.34
2025-09-10,Self-serve,Organic,3102.35
2025-09-10,Self-serve,Paid,2192.59
2025-09-10,Self-serve,Referral,958.42
2025-09-11,Enterprise,Organic,6940.14
2025-09-11,Enterprise,Paid,4678.41
2025-09-11,Enterprise,Referral,2142.93
2025-09-11,SMB,Organic,5638.15
2025-09-11,SMB,Paid,3808.41
2025-09-11,SMB,Referral,1656.12
2025-09-11,Self-serve,Organic,3072.27
2025-09-11,Self-serve,Paid,2126.29
2025-09-11,Self-serve,Referral,963.78
2025-09-12,Enterprise,Organic,6966.06
2025-09-12,Enterprise,Paid,4891.12
2025-09-12,Enterprise,Referral,2158.90
2025-09-12,SMB,Organic,5186.30
2025-09-12,SMB,Paid,3686.96
2025-09-12,SMB,Referral,1614.35
2025-09-12,Self-serve,Organic,3008.64
2025-09-12,Self-serve,Paid,2192.65
2025-09-12,Self-serve,Referral,912.97
2025-09-13,Enterprise,Organic,5400.79
2025-09-13,Enterprise,Paid,3904.27
2025-09-13,Enterprise,Referral,1678.50
2025-09-13,SMB,Organic,4450.93
2025-09-13,SMB,Paid,3066.42
2025-09-13,SMB,Referral,1316.83
2025-09-13,Self-serve,Organic,2497.79
2025-09-13,Self-serve,Paid,1722.03
2025-09-13,Self-serve,Referral,726.26
2025-09-14,Enterprise,Organic,5619.58
2025-09-14,Enterprise,Paid,3860.94
2025-09-14,Enterprise,Referral,1756.12
2025-09-14,SMB,Organic,4507.72
2025-09-14,SMB,Paid,3090.85
2025-09-14,SMB,Referral,1314.73
2025-09-14,Self-serve,Organic,2469.60
2025-09-14,Self-serve,Paid,1667.72
2025-09-14,Self-serve,Referral,738.02
2025-09-15,Enterprise,Organic,7191.04
2025-09-15,Enterprise,Paid,5053.01
2025-09-15,Enterprise,Referral,2181.07
2025-09-15,SMB,Organic,5730.19
2025-09-15,SMB,Paid,3822.20
2025-09-15,SMB,Referral,1638.54
2025-09-15,Self-serve,Organic,3325.01
2025-09-15,Self-serve,Paid,2282.02
2025-09-15,Self-serve,Referral,944.69
2025-09-16,Enterprise,Organic,7152.28
2025-09-16,Enterprise,Paid,5007.27
2025-09-16,Enterprise,Referral,2154.65
2025-09-16,SMB,Organic,5659.97
2025-09-16,SMB,Paid,4203.68
2025-09-16,SMB,Referral,1683.78
2025-09-16,Self-serve,Organic,3252.44
2025-09-16,Self-serve,Paid,2119.39
2025-09-16,Self-serve,Referral,942.80
2025-09-17,Enterprise,Organic,7308.33
2025-09-17,Enterprise,Paid,4993.49
2025-09-17,Enterprise,Referral,1836.12
2025-09-17,SMB,Organic,5593.01
2025-09-17,SMB,Paid,4058.34
2025-09-17,SMB,Referral,1546.17
2025-09-17,Self-serve,Organic,3275.45
2025-09-17,Self-serve,Paid,2010.51
2025-09-17,Self-serve,Referral,966.24
2025-09-18,Enterprise,Organic,7052.67
2025-09-18,Enterprise,Paid,4590.02
2025-09-18,Enterprise,Referral,2144.68
2025-09-18,SMB,Organic,5676.27
2025-09-18,SMB,Paid,3882.71
2025-09-18,SMB,Referral,1674.93
2025-09-18,Self-serve,Organic,3096.61
2025-09-18,Self-serve,Paid,2072.18
2025-09-18,Self-serve,Referral,960.12
2025-09-19,Enterprise,Organic,7290.93
2025-09-19,Enterprise,Paid,5013.43
2025-09-19,Enterprise,Referral,1954.25
2025-09-19,SMB,Organic,5143.04
2025-09-19,SMB,Paid,3675.81
2025-09-19,SMB,Referral,1539.12
2025-09-19,Self-serve,Organic,3082.88
2025-09-19,Self-serve,Paid,2180.60
2025-09-19,Self-serve,Referral,884.01
2025-09-20,Enterprise,Organic,5730.44
2025-09-20,Enterprise,Paid,3990.61
2025-09-20,Enterprise,Referral,1652.34
2025-09-20,SMB,Organic,4332.93
2025-09-20,SMB,Paid,2870.49
2025-09-20,SMB,Referral,1293.62
2025-09-20,Self-serve,Organic,2489.39
2025-09-20,Self-serve,Paid,1751.01
2025-09-20,Self-serve,Referral,755.14
2025-09-21,Enterprise,Organic,5645.72
2025-09-21,Enterprise,Paid,3892.14
2025-09-21,Enterprise,Referral,1695.83
2025-09-21,SMB,Organic,4490.22
2025-09-21,SMB,Paid,3042.68
2025-09-21,SMB,Referral,1320.21
2025-09-21,Self-serve,Organic,2477.04
2025-09-21,Self-serve,Paid,1709.84
2025-09-21,Self-serve,Referral,759.01
2025-09-22,Enterprise,Organic,7091.98
2025-09-22,Enterprise,Paid,5106.96
2025-09-22,Enterprise,Referral,2165.47
2025-09-22,SMB,Organic,5558.27
2025-09-22,SMB,Paid,3887.94
2025-09-22,SMB,Referral,1657.17
2025-09-22,Self-serve,Organic,3047.12
2025-09-22,Self-serve,Paid,2269.54
2025-09-22,Self-serve,Referral,968.29
2025-09-23,Enterprise,Organic,7402.23
2025-09-23,Enterprise,Paid,4972.20
2025-09-23,Enterprise,Referral,2288.60
2025-09-23,SMB,Organic,5550.22
2025-09-23,SMB,Paid,3826.75
2025-09-23,SMB,Referral,1634.05
2025-09-23,Self-serve,Organic,3041.22
2025-09-23,Self-serve,Paid,2348.93
2025-09-23,Self-serve,Referral,1002.02
2025-09-24,Enterprise,Organic,7218.36
2025-09-24,Enterprise,Paid,4829.97
2025-09-24,Enterprise,Referral,2242.76
2025-09-24,SMB,Organic,5456.70
2025-09-24,SMB,Paid,3829.27
2025-09-24,SMB,Referral,1725.80
2025-09-24,Self-serve,Organic,3213.66
2025-09-24,Self-serve,Paid,2351.62
2025-09-24,Self-serve,Referral,952.46
2025-09-25,Enterprise,Organic,7012.06
2025-09-25,Enterprise,Paid,4876.43
2025-09-25,Enterprise,Referral,2011.01
2025-09-25,SMB,Organic,5473.43
2025-09-25,SMB,Paid,3996.37
2025-09-25,SMB,Referral,1685.62
2025-09-25,Self-serve,Organic,3155.96
2025-09-25,Self-serve,Paid,2141.93
2025-09-25,Self-serve,Referral,952.65
2025-09-26,Enterprise,Organic,7180.32
2025-09-26,Enterprise,Paid,4941.04
2025-09-26,Enterprise,Referral,2101.03
2025-09-26,SMB,Organic,5290.42
2025-09-26,SMB,Paid,3892.71
2025-09-26,SMB,Referral,1473.23
2025-09-26,Self-serve,Organic,3132.72
2025-09-26,Self-serve,Paid,2335.18
2025-09-26,Self-serve,Referral,887.10
2025-09-27,Enterprise,Organic,5592.44
2025-09-27,Enterprise,Paid,3942.33
2025-09-27,Enterprise,Referral,1666.52
2025-09-27,SMB,Organic,4517.63
2025-09-27,SMB,Paid,3110.45
2025-09-27,SMB,Referral,1320.43
2025-09-27,Self-serve,Organic,2563.54
2025-09-27,Self-serve,Paid,1753.44
2025-09-27,Self-serve,Referral,822.75
2025-09-28,Enterprise,Organic,5663.60
2025-09-28,Enterprise,Paid,3969.72
2025-09-28,Enterprise,Referral,1604.61
2025-09-28,SMB,Organic,4313.62
2025-09-28,SMB,Paid,3175.24
2025-09-28,SMB,Referral,1262.83
2025-09-28,Self-serve,Organic,2343.59
2025-09-28,Self-serve,Paid,1755.74
2025-09-28,Self-serve,Referral,782.65
2025-09-29,Enterprise,Organic,7264.21
2025-09-29,Enterprise,Paid,5027.28
2025-09-29,Enterprise,Referral,2055.14
2025-09-29,SMB,Organic,5719.32
2025-09-29,SMB,Paid,4028.29
2025-09-29,SMB,Referral,1602.34
2025-09-29,Self-serve,Organic,3334.18
2025-09-29,Self-serve,Paid,2308.95
2025-09-29,Self-serve,Referral,1000.19
2025-09-30,Enterprise,Organic,7388.22
2025-09-30,Enterprise,Paid,5182.45
2025-09-30,Enterprise,Referral,2212.36
2025-09-30,SMB,Organic,5794.67
2025-09-30,SMB,Paid,3737.57
2025-09-30,SMB,Referral,1617.96
2025-09-30,Self-serve,Organic,3155.90
2025-09-30,Self-serve,Paid,2250.21
2025-09-30,Self-serve,Referral,979.42
2025-10-01,Enterprise,Organic,7202.13
2025-10-01,Enterprise,Paid,5160.18
2025-10-01,Enterprise,Referral,2213.52
2025-10-01,SMB,Organic,5402.43
2025-10-01,SMB,Paid,3911.13
2025-10-01,SMB,Referral,1621.95
2025-10-01,Self-serve,Organic,3152.17
2025-10-01,Self-serve,Paid,2240.47
2025-10-01,Self-serve,Referral,853.77
2025-10-02,Enterprise,Organic,7655.06
2025-10-02,Enterprise,Paid,5081.98
2025-10-02,Enterprise,Referral,2103.33
2025-10-02,SMB,Organic,5873.33
2025-10-02,SMB,Paid,3846.10
2025-10-02,SMB,Referral,1672.31
2025-10-02,Self-serve,Organic,3126.37
2025-10-02,Self-serve,Paid,2330.99
2025-10-02,Self-serve,Referral,948.82
2025-10-03,Enterprise,Organic,7041.31
2025-10-03,Enterprise,Paid,5084.11
2025-10-03,Enterprise,Referral,2139.88
2025-10-03,SMB,Organic,5443.23
2025-10-03,SMB,Paid,3943.62
2025-10-03,SMB,Referral,1760.20
2025-10-03,Self-serve,Organic,3145.16
2025-10-03,Self-serve,Paid,2188.49
2025-10-03,Self-serve,Referral,939.43
2025-10-04,Enterprise,Organic,5889.35
2025-10-04,Enterprise,Paid,3895.30
2025-10-04,Enterprise,Referral,1685.78
2025-10-04,SMB,Organic,4204.06
2025-10-04,SMB,Paid,2975.57
2025-10-04,SMB,Referral,1301.66
2025-10-04,Self-serve,Organic,2514.25
2025-10-04,Self-serve,Paid,1856.50
2025-10-04,Self-serve,Referral,767.69
2025-10-05,Enterprise,Organic,5516.16
2025-10-05,Enterprise,Paid,3883.24
2025-10-05,Enterprise,Referral,1771.57
2025-10-05,SMB,Organic,4560.13
2025-10-05,SMB,Paid,3090.34
2025-10-05,SMB,Referral,1305.75
2025-10-05,Self-serve,Organic,2605.66
2025-10-05,Self-serve,Paid,1711.84
2025-10-05,Self-serve,Referral,765.07
2025-10-06,Enterprise,Organic,7795.42
2025-10-06,Enterprise,Paid,5139.97
2025-10-06,Enterprise,Referral,2138.41
2025-10-06,SMB,Organic,5745.99
2025-10-06,SMB,Paid,3917.25
2025-10-06,SMB,Referral,1631.61
2025-10-06,Self-serve,Organic,3311.71
2025-10-06,Self-serve,Paid,2346.58
2025-10-06,Self-serve,Referral,963.97
2025-10-07,Enterprise,Organic,7221.32
2025-10-07,Enterprise,Paid,4965.30
2025-10-07,Enterprise,Referral,2181.34
2025-10-07,SMB,Organic,5585.03
2025-10-07,SMB,Paid,3856.00
2025-10-07,SMB,Referral,1801.00
2025-10-07,Self-serve,Organic,3291.64
2025-10-07,Self-serve,Paid,2311.37
2025-10-07,Self-serve,Referral,999.67
2025-10-08,Enterprise,Organic,7340.69
2025-10-08,Enterprise,Paid,4960.07
2025-10-08,Enterprise,Referral,2170.02
2025-10-08,SMB,Organic,5535.31
2025-10-08,SMB,Paid,3957.63
2025-10-08,SMB,Referral,1691.27
2025-10-08,Self-serve,Organic,3152.16
2025-10-08,Self-serve,Paid,2143.12
2025-10-08,Self-serve,Referral,960.83
2025-10-09,Enterprise,Organic,7136.74
2025-10-09,Enterprise,Paid,4741.46
2025-10-09,Enterprise,Referral,2187.03
2025-10-09,SMB,Organic,5746.77
2025-10-09,SMB,Paid,4206.06
2025-10-09,SMB,Referral,1655.84
2025-10-09,Self-serve,Organic,3139.86
2025-10-09,Self-serve,Paid,2159.66
2025-10-09,Self-serve,Referral,963.43
2025-10-10,Enterprise,Organic,7093.95
2025-10-10,Enterprise,Paid,4815.68
2025-10-10,Enterprise,Referral,2104.25
2025-10-10,SMB,Organic,5158.69
2025-10-10,SMB,Paid,3945.65
2025-10-10,SMB,Referral,1607.23
2025-10-10,Self-serve,Organic,3130.59
2025-10-10,Self-serve,Paid,2099.80
2025-10-10,Self-serve,Referral,923.73
2025-10-11,Enterprise,Organic,5652.12
2025-10-11,Enterprise,Paid,3988.60
2025-10-11,Enterprise,Referral,1734.59
2025-10-11,SMB,Organic,4624.67
2025-10-11,SMB,Paid,3171.51
2025-10-11,SMB,Referral,1368.37
2025-10-11,Self-serve,Organic,2643.20
2025-10-11,Self-serve,Paid,1803.62
2025-10-11,Self-serve,Referral,759.15
2025-10-12,Enterprise,Organic,5877.39
2025-10-12,Enterprise,Paid,4121.83
2025-10-12,Enterprise,Referral,1744.71
2025-10-12,SMB,Organic,4243.36
2025-10-12,SMB,Paid,3027.48
2025-10-12,SMB,Referral,1320.12
2025-10-12,Self-serve,Organic,2594.72
2025-10-12,Self-serve,Paid,1773.66
2025-10-12,Self-serve,Referral,786.57
2025-10-13,Enterprise,Organic,7630.37
2025-10-13,Enterprise,Paid,5323.37
2025-10-13,Enterprise,Referral,2281.87
2025-10-13,SMB,Organic,5531.84
2025-10-13,SMB,Paid,4054.49
2025-10-13,SMB,Referral,1681.62
2025-10-13,Self-serve,Organic,3101.14
2025-10-13,Self-serve,Paid,2264.09
2025-10-13,Self-serve,Referral,1017.66
2025-10-14,Enterprise,Organic,7448.41
2025-10-14,Enterprise,Paid,5454.11
2025-10-14,Enterprise,Referral,2215.78
2025-10-14,SMB,Organic,6133.84
2025-10-14,SMB,Paid,4021.26
2025-10-14,SMB,Referral,1715.42
2025-10-14,Self-serve,Organic,3139.94
2025-10-14,Self-serve,Paid,2361.84
2025-10-14,Self-serve,Referral,964.82
2025-10-15,Enterprise,Organic,7076.73
2025-10-15,Enterprise,Paid,5245.94
2025-10-15,Enterprise,Referral,2240.27
2025-10-15,SMB,Organic,5803.71
2025-10-15,SMB,Paid,3886.46
2025-10-15,SMB,Referral,1681.35
2025-10-15,Self-serve,Organic,3201.71
2025-10-15,Self-serve,Paid,2297.94
2025-10-15,Self-serve,Referral,1007.09
2025-10-16,Enterprise,Organic,7302.60
2025-10-16,Enterprise,Paid,5355.53
2025-10-16,Enterprise,Referral,2225.17
2025-10-16,SMB,Organic,5578.18
2025-10-16,SMB,Paid,4030.19
2025-10-16,SMB,Referral,1771.58
2025-10-16,Self-serve,Organic,3402.59
2025-10-16,Self-serve,Paid,2327.11
2025-10-16,Self-serve,Referral,963.79
2025-10-17,Enterprise,Organic,7046.34
2025-10-17,Enterprise,Paid,5050.51
2025-10-17,Enterprise,Referral,2234.59
2025-10-17,SMB,Organic,5588.13
2025-10-17,SMB,Paid,3914.10
2025-10-17,SMB,Referral,1657.46
2025-10-17,Self-serve,Organic,3121.19
2025-10-17,Self-serve,Paid,2195.81
2025-10-17,Self-serve,Referral,949.50
2025-10-18,Enterprise,Organic,6028.79
2025-10-18,Enterprise,Paid,3984.43
2025-10-18,Enterprise,Referral,1722.70
2025-10-18,SMB,Organic,4343.45
2025-10-18,SMB,Paid,3188.56
2025-10-18,SMB,Referral,1392.61
2025-10-18,Self-serve,Organic,2672.31
2025-10-18,Self-serve,Paid,1794.57
2025-10-18,Self-serve,Referral,777.61
2025-10-19,Enterprise,Organic,5711.61
2025-10-19,Enterprise,Paid,4080.25
2025-10-19,Enterprise,Referral,1737.63
2025-10-19,SMB,Organic,4470.72
2025-10-19,SMB,Paid,3136.95
2025-10-19,SMB,Referral,1357.03
2025-10-19,Self-serve,Organic,2527.74
2025-10-19,Self-serve,Paid,1772.18
2025-10-19,Self-serve,Referral,804.26
2025-10-20,Enterprise,Organic,7984.01
2025-10-20,Enterprise,Paid,4981.78
2025-10-20,Enterprise,Referral,2131.39
2025-10-20,SMB,Organic,5577.90
2025-10-20,SMB,Paid,4007.51
2025-10-20,SMB,Referral,1769.14
2025-10-20,Self-serve,Organic,3339.81
2025-10-20,Self-serve,Paid,2308.98
2025-10-20,Self-serve,Referral,1000.10
2025-10-21,Enterprise,Organic,7236.30
2025-10-21,Enterprise,Paid,5134.93
2025-10-21,Enterprise,Referral,2215.58
2025-10-21,SMB,Organic,5474.41
2025-10-21,SMB,Paid,3883.13
2025-10-21,SMB,Referral,1666.25
2025-10-21,Self-serve,Organic,3359.61
2025-10-21,Self-serve,Paid,2315.95
2025-10-21,Self-serve,Referral,1003.36
2025-10-22,Enterprise,Organic,6858.28
2025-10-22,Enterprise,Paid,4855.08
2025-10-22,Enterprise,Referral,2221.00
2025-10-22,SMB,Organic,5175.17
2025-10-22,SMB,Paid,4097.26
2025-10-22,SMB,Referral,1601.10
2025-10-22,Self-serve,Organic,3307.80
2025-10-22,Self-serve,Paid,2198.12
2025-10-22,Self-serve,Referral,998.31
2025-10-23,Enterprise,Organic,7964.12
2025-10-23,Enterprise,Paid,4738.63
2025-10-23,Enterprise,Referral,2224.94
2025-10-23,SMB,Organic,5343.97
2025-10-23,SMB,Paid,4005.98
2025-10-23,SMB,Referral,1684.63
2025-10-23,Self-serve,Organic,3241.42
2025-10-23,Self-serve,Paid,2198.38
2025-10-23,Self-serve,Referral,991.34
2025-10-24,Enterprise,Organic,6823.76
2025-10-24,Enterprise,Paid,5179.62
2025-10-24,Enterprise,Referral,2113.84
2025-10-24,SMB,Organic,5314.97
2025-10-24,SMB,Paid,4069.76
2025-10-24,SMB,Referral,1661.17
2025-10-24,Self-serve,Organic,3351.99
2025-10-24,Self-serve,Paid,2300.70
2025-10-24,Self-serve,Referral,928.39
2025-10-25,Enterprise,Organic,5751.92
2025-10-25,Enterprise,Paid,4051.29
2025-10-25,Enterprise,Referral,1809.20
2025-10-25,SMB,Organic,4544.02
2025-10-25,SMB,Paid,3156.21
2025-10-25,SMB,Referral,1337.48
2025-10-25,Self-serve,Organic,2559.06
2025-10-25,Self-serve,Paid,1864.28
2025-10-25,Self-serve,Referral,768.97
2025-10-26,Enterprise,Organic,5703.00
2025-10-26,Enterprise,Paid,3971.55
2025-10-26,Enterprise,Referral,1702.65
2025-10-26,SMB,Organic,4300.04
2025-10-26,SMB,Paid,3071.46
2025-10-26,SMB,Referral,1407.19
2025-10-26,Self-serve,Organic,2549.16
2025-10-26,Self-serve,Paid,1833.49
2025-10-26,Self-serve,Referral,712.29
2025-10-27,Enterprise,Organic,7553.10
2025-10-27,Enterprise,Paid,5173.37
2025-10-27,Enterprise,Referral,2195.77
2025-10-27,SMB,Organic,5807.51
2025-10-27,SMB,Paid,3983.16
2025-10-27,SMB,Referral,1622.43
2025-10-27,Self-serve,Organic,3391.98
2025-10-27,Self-serve,Paid,2327.30
2025-10-27,Self-serve,Referral,980.87
2025-10-28,Enterprise,Organic,7217.17
2025-10-28,Enterprise,Paid,4973.40
2025-10-28,Enterprise,Referral,2244.76
2025-10-28,SMB,Organic,6060.73
2025-10-28,SMB,Paid,4071.30
2025-10-28,SMB,Referral,1662.33
2025-10-28,Self-serve,Organic,3325.69
2025-10-28,Self-serve,Paid,2308.67
2025-10-28,Self-serve,Referral,1016.70
2025-10-29,Enterprise,Organic,7433.87
2025-10-29,Enterprise,Paid,4652.89
2025-10-29,Enterprise,Referral,2226.12
2025-10-29,SMB,Organic,5507.59
2025-10-29,SMB,Paid,3805.44
2025-10-29,SMB,Referral,1693.93
2025-10-29,Self-serve,Organic,3284.88
2025-10-29,Self-serve,Paid,2159.61
2025-10-29,Self-serve,Referral,994.04
2025-10-30,Enterprise,Organic,7474.32
2025-10-30,Enterprise,Paid,5122.10
2025-10-30,Enterprise,Referral,2135.04
2025-10-30,SMB,Organic,5516.23
2025-10-30,SMB,Paid,4100.69
2025-10-30,SMB,Referral,1627.67
2025-10-30,Self-serve,Organic,3351.26
2025-10-30,Self-serve,Paid,2262.02
2025-10-30,Self-serve,Referral,971.46
2025-10-31,Enterprise,Organic,6807.35
2025-10-31,Enterprise,Paid,5000.41
2025-10-31,Enterprise,Referral,2192.13
2025-10-31,SMB,Organic,5356.83
2025-10-31,SMB,Paid,3964.83
2025-10-31,SMB,Referral,1678.64
2025-10-31,Self-serve,Organic,3127.31
2025-10-31,Self-serve,Paid,2289.46
2025-10-31,Self-serve,Referral,893.46
2025-11-01,Enterprise,Organic,5860.29
2025-11-01,Enterprise,Paid,4257.23
2025-11-01,Enterprise,Referral,1815.16
2025-11-01,SMB,Organic,4563.84
2025-11-01,SMB,Paid,3129.18
2025-11-01,SMB,Referral,1327.51
2025-11-01,Self-serve,Organic,2554.34
2025-11-01,Self-serve,Paid,1833.87
2025-11-01,Self-serve,Referral,754.60
2025-11-02,Enterprise,Organic,5936.63
2025-11-02,Enterprise,Paid,4323.34
2025-11-02,Enterprise,Referral,1738.19
2025-11-02,SMB,Organic,4332.70
2025-11-02,SMB,Paid,3032.86
2025-11-02,SMB,Referral,1385.99
2025-11-02,Self-serve,Organic,2575.26
2025-11-02,Self-serve,Paid,1853.42
2025-11-02,Self-serve,Referral,761.57
2025-11-03,Enterprise,Organic,7655.48
2025-11-03,Enterprise,Paid,5203.72
2025-11-03,Enterprise,Referral,2191.56
2025-11-03,SMB,Organic,5739.61
2025-11-03,SMB,Paid,3920.61
2025-11-03,SMB,Referral,1846.86
2025-11-03,Self-serve,Organic,3310.11
2025-11-03,Self-serve,Paid,2368.73
2025-11-03,Self-serve,Referral,979.87
2025-11-04,Enterprise,Organic,7239.57
2025-11-04,Enterprise,Paid,5196.12
2025-11-04,Enterprise,Referral,2316.73
2025-11-04,SMB,Organic,5723.43
2025-11-04,SMB,Paid,3963.69
2025-11-04,SMB,Referral,1752.41
2025-11-04,Self-serve,Organic,3372.17
2025-11-04,Self-serve,Paid,2440.33
2025-11-04,Self-serve,Referral,1007.31
2025-11-05,Enterprise,Organic,7484.92
2025-11-05,Enterprise,Paid,5251.05
2025-11-05,Enterprise,Referral,2126.72
2025-11-05,SMB,Organic,5546.21
2025-11-05,SMB,Paid,3867.89
2025-11-05,SMB,Referral,1644.91
2025-11-05,Self-serve,Organic,3341.46
2025-11-05,Self-serve,Paid,2304.38
2025-11-05,Self-serve,Referral,981.41
2025-11-06,Enterprise,Organic,6777.45
2025-11-06,Enterprise,Paid,5461.57
2025-11-06,Enterprise,Referral,2145.57
2025-11-06,SMB,Organic,6067.78
2025-11-06,SMB,Paid,3827.20
2025-11-06,SMB,Referral,1672.99
2025-11-06,Self-serve,Organic,3050.40
2025-11-06,Self-serve,Paid,2311.22
2025-11-06,Self-serve,Referral,947.50
2025-11-07,Enterprise,Organic,6984.01
2025-11-07,Enterprise,Paid,4843.42
2025-11-07,Enterprise,Referral,2215.38
2025-11-07,SMB,Organic,5732.48
2025-11-07,SMB,Paid,4142.45
2025-11-07,SMB,Referral,1649.17
2025-11-07,Self-serve,Organic,3228.30
2025-11-07,Self-serve,Paid,2158.23
2025-11-07,Self-serve,Referral,952.50
2025-11-08,Enterprise,Organic,5742.52
2025-11-08,Enterprise,Paid,4140.22
2025-11-08,Enterprise,Referral,1803.39
2025-11-08,SMB,Organic,4671.92
2025-11-08,SMB,Paid,3095.62
2025-11-08,SMB,Referral,1401.88
2025-11-08,Self-serve,Organic,2589.16
2025-11-08,Self-serve,Paid,1797.14
2025-11-08,Self-serve,Referral,761.24
2025-11-09,Enterprise,Organic,5740.01
2025-11-09,Enterprise,Paid,4300.26
2025-11-09,Enterprise,Referral,1767.58
2025-11-09,SMB,Organic,4564.52
2025-11-09,SMB,Paid,3153.50
2025-11-09,SMB,Referral,1462.18
2025-11-09,Self-serve,Organic,2696.29
2025-11-09,Self-serve,Paid,1777.00
2025-11-09,Self-serve,Referral,772.02
2025-11-10,Enterprise,Organic,7463.94
2025-11-10,Enterprise,Paid,5281.57
2025-11-10,Enterprise,Referral,2206.26
2025-11-10,SMB,Organic,5919.76
2025-11-10,SMB,Paid,4268.16
2025-11-10,SMB,Referral,1683.78
2025-11-10,Self-serve,Organic,3225.77
2025-11-10,Self-serve,Paid,2303.26
2025-11-10,Self-serve,Referral,988.51
2025-11-11,Enterprise,Organic,7969.11
2025-11-11,Enterprise,Paid,5421.00
2025-11-11,Enterprise,Referral,2319.40
2025-11-11,SMB,Organic,5801.23
2025-11-11,SMB,Paid,4058.17
2025-11-11,SMB,Referral,1677.88
2025-11-11,Self-serve,Organic,3419.86
2025-11-11,Self-serve,Paid,2373.50
2025-11-11,Self-serve,Referral,1041.12
2025-11-12,Enterprise,Organic,7338.43
2025-11-12,Enterprise,Paid,5147.61
2025-11-12,Enterprise,Referral,2226.84
2025-11-12,SMB,Organic,5897.69
2025-11-12,SMB,Paid,3843.45
2025-11-12,SMB,Referral,1761.25
2025-11-12,Self-serve,Organic,3280.26
2025-11-12,Self-serve,Paid,2224.63
2025-11-12,Self-serve,Referral,923.10
2025-11-13,Enterprise,Organic,7360.89
2025-11-13,Enterprise,Paid,5398.51
2025-11-13,Enterprise,Referral,2328.74
2025-11-13,SMB,Organic,5809.96
2025-11-13,SMB,Paid,4260.93
2025-11-13,SMB,Referral,1722.38
2025-11-13,Self-serve,Organic,3378.90
2025-11-13,Self-serve,Paid,2268.34
2025-11-13,Self-serve,Referral,970.27
2025-11-14,Enterprise,Organic,7110.08
2025-11-14,Enterprise,Paid,4766.27
2025-11-14,Enterprise,Referral,2261.35
2025-11-14,SMB,Organic,5536.14
2025-11-14,SMB,Paid,3856.35
2025-11-14,SMB,Referral,1633.49
2025-11-14,Self-serve,Organic,3205.82
2025-11-14,Self-serve,Paid,2377.37
2025-11-14,Self-serve,Referral,1028.46
2025-11-15,Enterprise,Organic,5574.35
2025-11-15,Enterprise,Paid,4063.00
2025-11-15,Enterprise,Referral,1705.39
2025-11-15,SMB,Organic,4698.25
2025-11-15,SMB,Paid,3221.53
2025-11-15,SMB,Referral,1342.75
2025-11-15,Self-serve,Organic,2613.08
2025-11-15,Self-serve,Paid,1799.04
2025-11-15,Self-serve,Referral,820.10
2025-11-16,Enterprise,Organic,5967.77
2025-11-16,Enterprise,Paid,4192.59
2025-11-16,Enterprise,Referral,1620.50
2025-11-16,SMB,Organic,4557.52
2025-11-16,SMB,Paid,3396.45
2025-11-16,SMB,Referral,1424.50
2025-11-16,Self-serve,Organic,2464.92
2025-11-16,Self-serve,Paid,1809.49
2025-11-16,Self-serve,Referral,754.64
2025-11-17,Enterprise,Organic,7942.93
2025-11-17,Enterprise,Paid,5327.33
2025-11-17,Enterprise,Referral,2214.32
2025-11-17,SMB,Organic,5882.21
2025-11-17,SMB,Paid,3791.58
2025-11-17,SMB,Referral,1705.48
2025-11-17,Self-serve,Organic,3361.49
2025-11-17,Self-serve,Paid,2410.11
2025-11-17,Self-serve,Referral,948.68
2025-11-18,Enterprise,Organic,7474.77
2025-11-18,Enterprise,Paid,5453.18
2025-11-18,Enterprise,Referral,2169.60
2025-11-18,SMB,Organic,5921.39
2025-11-18,SMB,Paid,4124.82
2025-11-18,SMB,Referral,1855.03
2025-11-18,Self-serve,Organic,3337.34
2025-11-18,Self-serve,Paid,2340.27
2025-11-18,Self-serve,Referral,1034.02
2025-11-19,Enterprise,Organic,7131.68
2025-11-19,Enterprise,Paid,5164.60
2025-11-19,Enterprise,Referral,2197.70
2025-11-19,SMB,Organic,5752.65
2025-11-19,SMB,Paid,4146.63
2025-11-19,SMB,Referral,1761.83
2025-11-19,Self-serve,Organic,3226.84
2025-11-19,Self-serve,Paid,2320.17
2025-11-19,Self-serve,Referral,1034.57
2025-11-20,Enterprise,Organic,7247.84
2025-11-20,Enterprise,Paid,5225.92
2025-11-20,Enterprise,Referral,2217.05
2025-11-20,SMB,Organic,5770.47
2025-11-20,SMB,Paid,3849.00
2025-11-20,SMB,Referral,1807.83
2025-11-20,Self-serve,Organic,3226.91
2025-11-20,Self-serve,Paid,2383.75
2025-11-20,Self-serve,Referral,972.62
2025-11-21,Enterprise,Organic,7161.91
2025-11-21,Enterprise,Paid,5295.16
2025-11-21,Enterprise,Referral,2254.95
2025-11-21,SMB,Organic,5712.44
2025-11-21,SMB,Paid,4064.57
2025-11-21,SMB,Referral,1688.33
2025-11-21,Self-serve,Organic,3243.13
2025-11-21,Self-serve,Paid,2225.69
2025-11-21,Self-serve,Referral,999.58
2025-11-22,Enterprise,Organic,5777.28
2025-11-22,Enterprise,Paid,4314.02
2025-11-22,Enterprise,Referral,1753.23
2025-11-22,SMB,Organic,4591.72
2025-11-22,SMB,Paid,3285.34
2025-11-22,SMB,Referral,1377.65
2025-11-22,Self-serve,Organic,2598.79
2025-11-22,Self-serve,Paid,1833.91
2025-11-22,Self-serve,Referral,807.76
2025-11-23,Enterprise,Organic,5787.35
2025-11-23,Enterprise,Paid,4117.69
2025-11-23,Enterprise,Referral,1771.98
2025-11-23,SMB,Organic,4711.72
2025-11-23,SMB,Paid,3205.19
2025-11-23,SMB,Referral,1452.52
2025-11-23,Self-serve,Organic,2612.02
2025-11-23,Self-serve,Paid,1823.94
2025-11-23,Self-serve,Referral,783.26
2025-11-24,Enterprise,Organic,7297.86
2025-11-24,Enterprise,Paid,5153.17
2025-11-24,Enterprise,Referral,2243.11
2025-11-24,SMB,Organic,6110.90
2025-11-24,SMB,Paid,4132.57
2025-11-24,SMB,Referral,1747.09
2025-11-24,Self-serve,Organic,3501.13
2025-11-24,Self-serve,Paid,2473.82
2025-11-24,Self-serve,Referral,1051.22
2025-11-25,Enterprise,Organic,7409.49
2025-11-25,Enterprise,Paid,5243.79
2025-11-25,Enterprise,Referral,2405.36
2025-11-25,SMB,Organic,5957.09
2025-11-25,SMB,Paid,4106.77
2025-11-25,SMB,Referral,1812.53
2025-11-25,Self-serve,Organic,3481.73
2025-11-25,Self-serve,Paid,2325.16
2025-11-25,Self-serve,Referral,1020.55
2025-11-26,Enterprise,Organic,7676.92
2025-11-26,Enterprise,Paid,5046.51
2025-11-26,Enterprise,Referral,2241.62
2025-11-26,SMB,Organic,5615.23
2025-11-26,SMB,Paid,3946.62
2025-11-26,SMB,Referral,1713.39
2025-11-26,Self-serve,Organic,3367.20
2025-11-26,Self-serve,Paid,2301.33
2025-11-26,Self-serve,Referral,976.53
2025-11-27,Enterprise,Organic,7486.87
2025-11-27,Enterprise,Paid,5052.66
2025-11-27,Enterprise,Referral,2271.44
2025-11-27,SMB,Organic,6011.47
2025-11-27,SMB,Paid,4060.22
2025-11-27,SMB,Referral,1733.63
2025-11-27,Self-serve,Organic,3359.58
2025-11-27,Self-serve,Paid,2184.13
2025-11-27,Self-serve,Referral,1012.76
2025-11-28,Enterprise,Organic,8023.21
2025-11-28,Enterprise,Paid,5119.20
2025-11-28,Enterprise,Referral,2194.18
2025-11-28,SMB,Organic,5836.37
2025-11-28,SMB,Paid,4193.57
2025-11-28,SMB,Referral,1762.80
2025-11-28,Self-serve,Organic,3051.33
2025-11-28,Self-serve,Paid,2322.20
2025-11-28,Self-serve,Referral,1054.20
2025-11-29,Enterprise,Organic,6044.15
2025-11-29,Enterprise,Paid,4009.49
2025-11-29,Enterprise,Referral,1795.06
2025-11-29,SMB,Organic,4437.53
2025-11-29,SMB,Paid,3349.86
2025-11-29,SMB,Referral,1344.75
2025-11-29,Self-serve,Organic,2642.92
2025-11-29,Self-serve,Paid,1798.43
2025-11-29,Self-serve,Referral,778.15
2025-11-30,Enterprise,Organic,6202.87
2025-11-30,Enterprise,Paid,4169.59
2025-11-30,Enterprise,Referral,1751.55
2025-11-30,SMB,Organic,4459.86
2025-11-30,SMB,Paid,3051.44
2025-11-30,SMB,Referral,1333.55
2025-11-30,Self-serve,Organic,2648.03
2025-11-30,Self-serve,Paid,1901.74
2025-11-30,Self-serve,Referral,778.44
2025-12-01,Enterprise,Organic,8000.86
2025-12-01,Enterprise,Paid,5233.47
2025-12-01,Enterprise,Referral,2275.89
2025-12-01,SMB,Organic,5750.41
2025-12-01,SMB,Paid,4283.67
2025-12-01,SMB,Referral,1895.05
2025-12-01,Self-serve,Organic,3216.44
2025-12-01,Self-serve,Paid,2352.47
2025-12-01,Self-serve,Referral,1057.44
2025-12-02,Enterprise,Organic,7315.03
2025-12-02,Enterprise,Paid,5443.89
2025-12-02,Enterprise,Referral,2378.16
2025-12-02,SMB,Organic,5961.61
2025-12-02,SMB,Paid,4232.08
2025-12-02,SMB,Referral,1878.55
2025-12-02,Self-serve,Organic,3597.32
2025-12-02,Self-serve,Paid,2374.64
2025-12-02,Self-serve,Referral,1003.31
2025-12-03,Enterprise,Organic,7304.07
2025-12-03,Enterprise,Paid,5412.07
2025-12-03,Enterprise,Referral,2160.68
2025-12-03,SMB,Organic,5797.92
2025-12-03,SMB,Paid,4102.13
2025-12-03,SMB,Referral,1726.21
2025-12-03,Self-serve,Organic,3366.41
2025-12-03,Self-serve,Paid,2516.66
2025-12-03,Self-serve,Referral,997.86
2025-12-04,Enterprise,Organic,7419.20
2025-12-04,Enterprise,Paid,5422.46
2025-12-04,Enterprise,Referral,2271.43
2025-12-04,SMB,Organic,6099.33
2025-12-04,SMB,Paid,4113.02
2025-12-04,SMB,Referral,1740.99
2025-12-04,Self-serve,Organic,3162.28
2025-12-04,Self-serve,Paid,2225.10
2025-12-04,Self-serve,Referral,947.12
2025-12-05,Enterprise,Organic,7465.45
2025-12-05,Enterprise,Paid,4955.85
2025-12-05,Enterprise,Referral,2297.85
2025-12-05,SMB,Organic,5746.34
2025-12-05,SMB,Paid,3989.35
2025-12-05,SMB,Referral,1678.74
2025-12-05,Self-serve,Organic,3341.89
2025-12-05,Self-serve,Paid,2241.03
2025-12-05,Self-serve,Referral,955.10
2025-12-06,Enterprise,Organic,6179.42
2025-12-06,Enterprise,Paid,4221.13
2025-12-06,Enterprise,Referral,1777.40
2025-12-06,SMB,Organic,4730.07
2025-12-06,SMB,Paid,3249.41
2025-12-06,SMB,Referral,1408.23
2025-12-06,Self-serve,Organic,2586.88
2025-12-06,Self-serve,Paid,1971.61
2025-12-06,Self-serve,Referral,781.73
2025-12-07,Enterprise,Organic,6250.22
2025-12-07,Enterprise,Paid,4156.34
2025-12-07,Enterprise,Referral,1834.82
2025-12-07,SMB,Organic,4746.78
2025-12-07,SMB,Paid,3362.99
2025-12-07,SMB,Referral,1358.20
2025-12-07,Self-serve,Organic,2739.63
2025-12-07,Self-serve,Paid,1960.70
2025-12-07,Self-serve,Referral,790.02
2025-12-08,Enterprise,Organic,7691.73
2025-12-08,Enterprise,Paid,5294.15
2025-12-08,Enterprise,Referral,2281.16
2025-12-08,SMB,Organic,6283.07
2025-12-08,SMB,Paid,4057.33
2025-12-08,SMB,Referral,1742.20
2025-12-08,Self-serve,Organic,3580.03
2025-12-08,Self-serve,Paid,2435.28
2025-12-08,Self-serve,Referral,1089.67
2025-12-09,Enterprise,Organic,7585.94
2025-12-09,Enterprise,Paid,5403.29
2025-12-09,Enterprise,Referral,2261.23
2025-12-09,SMB,Organic,6006.71
2025-12-09,SMB,Paid,3963.87
2025-12-09,SMB,Referral,1831.17
2025-12-09,Self-serve,Organic,3450.88
2025-12-09,Self-serve,Paid,2388.27
2025-12-09,Self-serve,Referral,1013.31
2025-12-10,Enterprise,Organic,7350.70
2025-12-10,Enterprise,Paid,5402.85
2025-12-10,Enterprise,Referral,2186.43
2025-12-10,SMB,Organic,5965.13
2025-12-10,SMB,Paid,4368.37
2025-12-10,SMB,Referral,1841.02
2025-12-10,Self-serve,Organic,3205.51
2025-12-10,Self-serve,Paid,2312.13
2025-12-10,Self-serve,Referral,1019.86
2025-12-11,Enterprise,Organic,7543.53
2025-12-11,Enterprise,Paid,5069.47
2025-12-11,Enterprise,Referral,2294.06
2025-12-11,SMB,Organic,5877.82
2025-12-11,SMB,Paid,4352.08
2025-12-11,SMB,Referral,1750.48
2025-12-11,Self-serve,Organic,3477.49
2025-12-11,Self-serve,Paid,2262.44
2025-12-11,Self-serve,Referral,976.84
2025-12-12,Enterprise,Organic,7583.44
2025-12-12,Enterprise,Paid,5364.84
2025-12-12,Enterprise,Referral,2162.86
2025-12-12,SMB,Organic,5777.41
2025-12-12,SMB,Paid,3873.77
2025-12-12,SMB,Referral,1722.56
2025-12-12,Self-serve,Organic,3381.82
2025-12-12,Self-serve,Paid,2279.16
2025-12-12,Self-serve,Referral,982.30
2025-12-13,Enterprise,Organic,5796.69
2025-12-13,Enterprise,Paid,4118.34
2025-12-13,Enterprise,Referral,1894.95
2025-12-13,SMB,Organic,4676.92
2025-12-13,SMB,Paid,3168.47
2025-12-13,SMB,Referral,1386.79
2025-12-13,Self-serve,Organic,2538.89
2025-12-13,Self-serve,Paid,1809.89
2025-12-13,Self-serve,Referral,832.66
2025-12-14,Enterprise,Organic,5979.15
2025-12-14,Enterprise,Paid,4441.79
2025-12-14,Enterprise,Referral,1796.29
2025-12-14,SMB,Organic,4665.37
2025-12-14,SMB,Paid,3332.15
2025-12-14,SMB,Referral,1288.78
2025-12-14,Self-serve,Organic,2685.21
2025-12-14,Self-serve,Paid,1865.42
2025-12-14,Self-serve,Referral,836.34
2025-12-15,Enterprise,Organic,7950.21
2025-12-15,Enterprise,Paid,5224.67
2025-12-15,Enterprise,Referral,2404.36
2025-12-15,SMB,Organic,5962.29
2025-12-15,SMB,Paid,4092.56
2025-12-15,SMB,Referral,1813.53
2025-12-15,Self-serve,Organic,3413.16
2025-12-15,Self-serve,Paid,2514.78
2025-12-15,Self-serve,Referral,1040.74
2025-12-16,Enterprise,Organic,7780.44
2025-12-16,Enterprise,Paid,5559.16
2025-12-16,Enterprise,Referral,2395.88
2025-12-16,SMB,Organic,6155.73
2025-12-16,SMB,Paid,4389.32
2025-12-16,SMB,Referral,1837.25
2025-12-16,Self-serve,Organic,3454.05
2025-12-16,Self-serve,Paid,2495.17
2025-12-16,Self-serve,Referral,1028.22
2025-12-17,Enterprise,Organic,7603.11
2025-12-17,Enterprise,Paid,5591.48
2025-12-17,Enterprise,Referral,2389.54
2025-12-17,SMB,Organic,5906.19
2025-12-17,SMB,Paid,4079.08
2025-12-17,SMB,Referral,1850.09
2025-12-17,Self-serve,Organic,3456.86
2025-12-17,Self-serve,Paid,2385.43
2025-12-17,Self-serve,Referral,1002.96
2025-12-18,Enterprise,Organic,7677.19
2025-12-18,Enterprise,Paid,5317.62
2025-12-18,Enterprise,Referral,2235.02
2025-12-18,SMB,Organic,5935.21
2025-12-18,SMB,Paid,4171.58
2025-12-18,SMB,Referral,1753.72
2025-12-18,Self-serve,Organic,3470.07
2025-12-18,Self-serve,Paid,2456.37
2025-12-18,Self-serve,Referral,1043.03
2025-12-19,Enterprise,Organic,7402.17
2025-12-19,Enterprise,Paid,5343.29
2025-12-19,Enterprise,Referral,2244.44
2025-12-19,SMB,Organic,5590.13
2025-12-19,SMB,Paid,4145.76
2025-12-19,SMB,Referral,1749.24
2025-12-19,Self-serve,Organic,3575.45
2025-12-19,Self-serve,Paid,2423.66
2025-12-19,Self-serve,Referral,1016.44
2025-12-20,Enterprise,Organic,6078.50
2025-12-20,Enterprise,Paid,4244.12
2025-12-20,Enterprise,Referral,1755.52
2025-12-20,SMB,Organic,4447.83
2025-12-20,SMB,Paid,3198.86
2025-12-20,SMB,Referral,1405.78
2025-12-20,Self-serve,Organic,2512.13
2025-12-20,Self-serve,Paid,1846.41
2025-12-20,Self-serve,Referral,798.48
2025-12-21,Enterprise,Organic,5999.14
2025-12-21,Enterprise,Paid,4142.81
2025-12-21,Enterprise,Referral,1792.89
2025-12-21,SMB,Organic,4939.23
2025-12-21,SMB,Paid,3352.75
2025-12-21,SMB,Referral,1385.22
2025-12-21,Self-serve,Organic,2678.12
2025-12-21,Self-serve,Paid,1876.94
2025-12-21,Self-serve,Referral,786.54
2025-12-22,Enterprise,Organic,7590.20
2025-12-22,Enterprise,Paid,5603.51
2025-12-22,Enterprise,Referral,2301.49
2025-12-22,SMB,Organic,5844.47
2025-12-22,SMB,Paid,4224.57
2025-12-22,SMB,Referral,1819.30
2025-12-22,Self-serve,Organic,3248.74
2025-12-22,Self-serve,Paid,2414.22
2025-12-22,Self-serve,Referral,1062.91
2025-12-23,Enterprise,Organic,7880.86
2025-12-23,Enterprise,Paid,5807.02
2025-12-23,Enterprise,Referral,2420.23
2025-12-23,SMB,Organic,6310.57
2025-12-23,SMB,Paid,4589.00
2025-12-23,SMB,Referral,1855.57
2025-12-23,Self-serve,Organic,3472.73
2025-12-23,Self-serve,Paid,2489.74
2025-12-23,Self-serve,Referral,1019.35
2025-12-24,Enterprise,Organic,7662.29
2025-12-24,Enterprise,Paid,5242.44
2025-12-24,Enterprise,Referral,2318.64
2025-12-24,SMB,Organic,5824.19
2025-12-24,SMB,Paid,4072.57
2025-12-24,SMB,Referral,1804.22
2025-12-24,Self-serve,Organic,3380.47
2025-12-24,Self-serve,Paid,2238.75
2025-12-24,Self-serve,Referral,973.88
2025-12-25,Enterprise,Organic,7380.55
2025-12-25,Enterprise,Paid,5208.81
2025-12-25,Enterprise,Referral,2321.60
2025-12-25,SMB,Organic,5984.09
2025-12-25,SMB,Paid,4294.53
2025-12-25,SMB,Referral,1823.79
2025-12-25,Self-serve,Organic,3506.41
2025-12-25,Self-serve,Paid,2421.42
2025-12-25,Self-serve,Referral,1025.56
2025-12-26,Enterprise,Organic,7752.84
2025-12-26,Enterprise,Paid,5398.63
2025-12-26,Enterprise,Referral,2277.00
2025-12-26,SMB,Organic,6060.06
2025-12-26,SMB,Paid,3798.66
2025-12-26,SMB,Referral,1735.98
2025-12-26,Self-serve,Organic,3305.09
2025-12-26,Self-serve,Paid,2415.73
2025-12-26,Self-serve,Referral,1047.88
2025-12-27,Enterprise,Organic,5802.81
2025-12-27,Enterprise,Paid,4426.51
2025-12-27,Enterprise,Referral,1756.06
2025-12-27,SMB,Organic,4557.03
2025-12-27,SMB,Paid,3279.79
2025-12-27,SMB,Referral,1402.06
2025-12-27,Self-serve,Organic,2570.27
2025-12-27,Self-serve,Paid,1924.23
2025-12-27,Self-serve,Referral,825.39
2025-12-28,Enterprise,Organic,6263.50
2025-12-28,Enterprise,Paid,4194.79
2025-12-28,Enterprise,Referral,1819.29
2025-12-28,SMB,Organic,4717.97
2025-12-28,SMB,Paid,3472.99
2025-12-28,SMB,Referral,1296.23
2025-12-28,Self-serve,Organic,2620.98
2025-12-28,Self-serve,Paid,1889.23
2025-12-28,Self-serve,Referral,783.17
2025-12-29,Enterprise,Organic,7751.81
2025-12-29,Enterprise,Paid,5447.96
2025-12-29,Enterprise,Referral,2297.46
2025-12-29,SMB,Organic,6088.02
2025-12-29,SMB,Paid,4333.54
2025-12-29,SMB,Referral,1809.96
2025-12-29,Self-serve,Organic,3424.95
2025-12-29,Self-serve,Paid,2418.42
2025-12-29,Self-serve,Referral,1041.41
2025-12-30,Enterprise,Organic,7410.28
2025-12-30,Enterprise,Paid,5548.71
2025-12-30,Enterprise,Referral,2313.81
2025-12-30,SMB,Organic,6311.18
2025-12-30,SMB,Paid,4332.20
2025-12-30,SMB,Referral,1888.35
2025-12-30,Self-serve,Organic,3369.48
2025-12-30,Self-serve,Paid,2405.31
2025-12-30,Self-serve,Referral,1003.61
2025-12-31,Enterprise,Organic,7517.23
2025-12-31,Enterprise,Paid,5577.72
2025-12-31,Enterprise,Referral,2406.72
2025-12-31,SMB,Organic,5767.36
2025-12-31,SMB,Paid,4123.69
2025-12-31,SMB,Referral,1787.83
2025-12-31,Self-serve,Organic,3473.16
2025-12-31,Self-serve,Paid,2263.10
2025-12-31,Self-serve,Referral,974.72
